country,code,year,trade_openness,gdp_per_capita,population,labour_productivity
Albania,ALB,2000,61.60926,6262.79,3166147,NA
Albania,ALB,2001,64.247444,6882.1924,3147943,NA
Albania,ALB,2002,65.99146,7222.353,3134095,NA
Albania,ALB,2003,64.82321,7636.057,3118093,NA
Albania,ALB,2004,65.03794,8071.8564,3098662,NA
Albania,ALB,2005,69.116295,8529.551,3076156,10.353054
Albania,ALB,2006,72.20191,9100.176,3050805,11.228283
Albania,ALB,2007,79.9119,9765.216,3022887,11.995945
Albania,ALB,2008,75.24855,10520.121,2992933,14.754907
Albania,ALB,2009,73.32136,10876.24,2961487,15.838745
Albania,ALB,2010,75.53253,11255.348,2928731,16.740137
Albania,ALB,2011,80.699,11563.691,2911499,19.475384
Albania,ALB,2012,76.96836,11859.09,2910003,17.850225
Albania,ALB,2013,75.75062,12249.122,2907571,16.885489
Albania,ALB,2014,75.0212,12718.285,2903748,19.12617
Albania,ALB,2015,71.27945,13203.797,2898634,18.931322
Albania,ALB,2016,74.01445,13933.284,2897868,17.095486
Albania,ALB,2017,76.787384,14614.531,2898245,16.803322
Albania,ALB,2018,75.69408,15386.701,2894229,15.943719
Albania,ALB,2019,75.382126,15948.279,2885011,16.41217
Algeria,DZA,2000,62.858345,11558.221,30903894,NA
Algeria,DZA,2001,54.529648,11742.595,31331226,NA
Algeria,DZA,2002,56.589603,12213.126,31750832,NA
Algeria,DZA,2003,57.769135,12835.182,32175813,NA
Algeria,DZA,2004,61.357998,13226.765,32628286,NA
Algeria,DZA,2005,66.84046,13738.496,33109258,24.904377
Algeria,DZA,2006,65.91529,13920.694,33623505,24.982725
Algeria,DZA,2007,67.54547,14114.675,34189420,26.766428
Algeria,DZA,2008,71.028496,14206.776,34816963,27.044752
Algeria,DZA,2009,64.28475,14104.428,35490442,24.04266
Algeria,DZA,2010,63.491215,14496.421,36188237,27.098522
Algeria,DZA,2011,62.22009,14641.964,36903374,29.435295
Algeria,DZA,2012,60.75764,14697.54,37646165,27.901808
Algeria,DZA,2013,59.15101,14778.191,38414176,25.960312
Algeria,DZA,2014,56.923542,15073.763,39205035,27.280413
Algeria,DZA,2015,53.204624,15239.518,40019528,24.338114
Algeria,DZA,2016,49.760933,15511.686,40850719,23.011421
Algeria,DZA,2017,49.820816,15427.664,41689302,22.562914
Algeria,DZA,2018,52.43617,15343.426,42505033,22.359617
Algeria,DZA,2019,46.506844,15199.199,43294551,23.577648
American Samoa,ASM,2002,210.9375,NA,57081,NA
American Samoa,ASM,2003,207.44275,NA,56988,NA
American Samoa,ASM,2004,202.35756,NA,56841,NA
American Samoa,ASM,2005,223.2,NA,56638,NA
American Samoa,ASM,2006,229.81744,NA,56391,NA
American Samoa,ASM,2007,218.14671,NA,56134,NA
American Samoa,ASM,2008,249.82143,NA,55848,NA
American Samoa,ASM,2009,161.33333,NA,55542,NA
American Samoa,ASM,2010,157.94066,NA,55246,NA
American Samoa,ASM,2011,157.54385,NA,54917,NA
American Samoa,ASM,2012,176.40625,NA,54506,NA
American Samoa,ASM,2013,173.82445,NA,54026,NA
American Samoa,ASM,2014,174.8056,NA,53489,NA
American Samoa,ASM,2015,162.40714,NA,52896,NA
American Samoa,ASM,2016,159.16542,NA,52260,NA
American Samoa,ASM,2017,161.43791,NA,51605,NA
American Samoa,ASM,2018,171.83098,NA,50927,NA
American Samoa,ASM,2019,156.56877,NA,50230,NA
Angola,AGO,2002,90.57082,7523.813,17327701,NA
Angola,AGO,2003,90.68072,7518.8896,17943718,NA
Angola,AGO,2004,90.38604,8081.757,18600426,NA
Angola,AGO,2005,95.34146,8895.377,19291160,4.520126
Angola,AGO,2006,84.6246,9588.822,20015281,5.8220634
Angola,AGO,2007,97.22563,10437.59,20778570,6.4118166
Angola,AGO,2008,108.68041,11134.705,21578656,7.6825566
Angola,AGO,2009,102.26318,10933.271,22414775,5.721538
Angola,AGO,2010,90.994064,11077.13,23294822,7.7260833
Angola,AGO,2011,89.03694,11037.639,24218358,9.381851
Angola,AGO,2012,81.939476,11519.993,25177398,10.318413
Angola,AGO,2013,77.3498,11626.1875,26165616,10.442036
Angola,AGO,2014,69.58014,11721.664,27160767,10.691587
Angola,AGO,2015,54.97938,11392.906,28157802,9.139575
Angola,AGO,2016,47.015568,10805.712,29183072,8.484288
Angola,AGO,2017,45.66434,10414.236,30234836,8.5037155
Angola,AGO,2018,58.91648,10000.944,31297160,8.283195
Angola,AGO,2019,60.714825,9648.011,32375633,7.9655814
Antigua and Barbuda,ATG,2014,141.54616,25557.525,88784,NA
Antigua and Barbuda,ATG,2015,130.07155,25734.152,89421,NA
Antigua and Barbuda,ATG,2016,132.02592,26627.715,89980,NA
Antigua and Barbuda,ATG,2017,127.66432,27199.195,90483,NA
Antigua and Barbuda,ATG,2018,130.65515,28878.607,90942,NA
Antigua and Barbuda,ATG,2019,137.53778,29651.863,91377,NA
Argentina,ARG,2000,22.622444,22281.38,37213986,23.287077
Argentina,ARG,2001,21.852255,21066.459,37624817,22.649946
Argentina,ARG,2002,41.752724,18571.701,38029345,20.690678
Argentina,ARG,2003,40.64475,20005.139,38424283,21.357645
Argentina,ARG,2004,40.692646,21591.45,38815915,21.545889
Argentina,ARG,2005,40.55127,23262.408,39216786,21.956108
Argentina,ARG,2006,40.43348,24877.25,39622113,23.118025
Argentina,ARG,2007,40.94517,26850.664,40016767,24.502375
Argentina,ARG,2008,40.40267,27658.484,40424151,25.795603
Argentina,ARG,2009,34.057125,25747.197,40854832,24.84021
Argentina,ARG,2010,34.971012,28056.258,41288694,27.548946
Argentina,ARG,2011,35.206154,29425.76,41730655,30.288898
Argentina,ARG,2012,30.526543,28825.967,42161718,30.902163
Argentina,ARG,2013,29.33393,29227.66,42582453,30.424402
Argentina,ARG,2014,28.406794,28200.814,43024071,29.664883
Argentina,ARG,2015,22.486227,28669.207,43477011,30.041763
Argentina,ARG,2016,26.093887,27802.105,43900312,31.259394
Argentina,ARG,2017,25.2896,28334.904,44288898,34.320583
Argentina,ARG,2018,30.762535,27367.115,44654876,35.61679
Argentina,ARG,2019,32.630615,26629.553,44973469,33.71197
Armenia,ARM,2000,72.23333,4589.0083,3125630,NA
Armenia,ARM,2001,69.864265,5044.1167,3084350,NA
Armenia,ARM,2002,73.984505,5731.3535,3055636,NA
Armenia,ARM,2003,80.05137,6569.2603,3038976,NA
Armenia,ARM,2004,73.07063,7299.4,3022544,NA
Armenia,ARM,2005,70.13974,8362.9,3006360,9.141103
Armenia,ARM,2006,61.030136,9525.231,2990371,10.454959
Armenia,ARM,2007,56.975048,10898.849,2974825,11.742122
Armenia,ARM,2008,54.542328,11727.482,2959996,10.887458
Armenia,ARM,2009,57.274235,10143.235,2945518,11.733119
Armenia,ARM,2010,64.642975,10438.564,2931083,12.55782
Armenia,ARM,2011,69.43558,10990.177,2923269,14.058219
Armenia,ARM,2012,75.96168,11796.274,2922529,15.964524
Armenia,ARM,2013,77.555046,12194.019,2922526,14.97815
Armenia,ARM,2014,75.77887,12667.376,2922433,15.452359
Armenia,ARM,2015,71.682076,13112.76,2921179,17.508825
Armenia,ARM,2016,76.077965,13192.994,2918796,20.207623
Armenia,ARM,2017,87.20238,14243.875,2914966,22.870064
Armenia,ARM,2018,92.47311,15037.045,2909971,21.194443
Armenia,ARM,2019,97.84701,16215.36,2903975,24.245123
Aruba,ABW,2000,145.07288,37524.035,88772,NA
Aruba,ABW,2001,140.39111,38729.457,90320,NA
Aruba,ABW,2002,133.23077,38098.906,91393,NA
Aruba,ABW,2003,132.7943,38086.01,92324,NA
Aruba,ABW,2004,132.43092,40000.562,93223,NA
Aruba,ABW,2005,145.05028,38828.215,94239,NA
Aruba,ABW,2006,141.04263,38566.8,95403,NA
Aruba,ABW,2007,139.9723,39462.586,96604,NA
Aruba,ABW,2008,139.11015,39881.59,97815,NA
Aruba,ABW,2009,137.55658,34986.15,99040,NA
Aruba,ABW,2010,135.46466,33951.625,100127,NA
Aruba,ABW,2011,154.43779,34837.94,100995,NA
Aruba,ABW,2012,156.6452,33972.34,101774,NA
Aruba,ABW,2013,155.7319,35621.785,102570,NA
Aruba,ABW,2014,156.49106,35746.863,103381,NA
Aruba,ABW,2015,140.493,36660.633,104200,NA
Aruba,ABW,2016,136.88727,36832.902,104989,NA
Aruba,ABW,2017,138.71661,38116.832,105737,NA
Aruba,ABW,2018,138.82497,39278.83,106447,NA
Aruba,ABW,2019,137.96193,39652.633,107089,NA
Australia,AUS,2000,40.863125,45099.074,19132472,52.59428
Australia,AUS,2001,44.13373,45428.2,19365438,53.9811
Australia,AUS,2002,41.381313,46688.395,19595356,55.343575
Australia,AUS,2003,40.1348,47581.23,19819449,56.5483
Australia,AUS,2004,36.950516,49061.277,20046679,57.61121
Australia,AUS,2005,39.09788,49997.066,20294490,59.973167
Australia,AUS,2006,41.487892,50693.727,20590566,59.90955
Australia,AUS,2007,41.929745,51663.242,20954545,59.748547
Australia,AUS,2008,42.75222,52473.383,21370595,60.984226
Australia,AUS,2009,45.593613,52407.91,21783014,60.552567
Australia,AUS,2010,40.390507,52739.27,22141583,66.426834
Australia,AUS,2011,41.721985,53257.047,22479779,68.34106
Australia,AUS,2012,43.019848,54403.883,22852648,67.26891
Australia,AUS,2013,41.100513,54895.004,23236271,69.42627
Australia,AUS,2014,42.29931,55489.07,23595599,69.18332
Australia,AUS,2015,41.49475,55879.996,23947997,64.93884
Australia,AUS,2016,40.813404,56529.953,24329963,68.32087
Australia,AUS,2017,42.03541,56881.855,24731044,69.41445
Australia,AUS,2018,43.573227,57647.844,25119700,70.9219
Australia,AUS,2019,46.001682,58048.617,25482714,71.46591
Austria,AUT,2000,85.842606,53534.344,8012929,55.563023
Austria,AUT,2001,87.996254,54032.152,8042233,54.67163
Austria,AUT,2002,87.584496,54565.08,8081640,56.25957
Austria,AUT,2003,86.882225,54919.79,8122604,56.851048
Austria,AUT,2004,91.47422,55980.23,8173496,58.22549
Austria,AUT,2005,94.67475,56890.28,8229204,61.650867
Austria,AUT,2006,98.78573,58460.24,8269901,62.488777
Austria,AUT,2007,101.36496,60470.91,8296948,64.070755
Austria,AUT,2008,102.743706,61157.99,8323250,65.52234
Austria,AUT,2009,87.600494,58810.44,8345073,64.993904
Austria,AUT,2010,99.64488,59730.55,8365087,66.47581
Austria,AUT,2011,105.7751,61272.258,8393272,68.57759
Austria,AUT,2012,105.84079,61376.723,8431599,70.070335
Austria,AUT,2013,104.985374,60863.055,8481411,69.24733
Austria,AUT,2014,104.49674,60845.66,8547812,72.200165
Austria,AUT,2015,103.117584,60951.688,8644037,74.01847
Austria,AUT,2016,101.573494,61572.71,8737920,73.73715
Austria,AUT,2017,105.55607,62535.9,8798779,76.241165
Austria,AUT,2018,108.37797,63778.027,8841653,77.677826
Austria,AUT,2019,108.20728,64609.375,8880876,81.325676
Azerbaijan,AZE,2000,78.54857,5656.9297,8174784,NA
Azerbaijan,AZE,2001,78.815186,6168.9854,8251776,NA
Azerbaijan,AZE,2002,92.818146,6701.0815,8326141,NA
Azerbaijan,AZE,2003,107.55195,7329.4062,8400528,NA
Azerbaijan,AZE,2004,121.50712,7937.8594,8489874,NA
Azerbaijan,AZE,2005,115.84188,10054.101,8597248,6.820282
Azerbaijan,AZE,2006,105.2624,13371.658,8711380,9.650238
Azerbaijan,AZE,2007,96.64181,16587.365,8828313,13.282653
Azerbaijan,AZE,2008,89.2429,17963.021,8942637,14.734518
Azerbaijan,AZE,2009,74.74404,19242.39,9046336,14.93401
Azerbaijan,AZE,2010,74.985985,19925.39,9146852,17.730705
Azerbaijan,AZE,2011,80.50804,19358.078,9256156,22.647507
Azerbaijan,AZE,2012,78.26307,19523.373,9376179,24.888712
Azerbaijan,AZE,2013,74.67584,20398.646,9504417,23.835394
Azerbaijan,AZE,2014,69.48322,20709.201,9631136,24.064934
Azerbaijan,AZE,2015,72.60151,20678.754,9752859,20.041388
Azerbaijan,AZE,2016,90.07732,19822.41,9868434,18.758047
Azerbaijan,AZE,2017,90.40231,19659.004,9968510,17.896297
Azerbaijan,AZE,2018,91.67258,19781.852,10039782,18.896074
Azerbaijan,AZE,2019,85.818146,20101.492,10110483,21.091812
Bahamas,BHS,2000,79.64494,34597.164,323846,NA
Bahamas,BHS,2001,72.50088,35072.367,327847,NA
Bahamas,BHS,2002,70.277985,35610.68,331625,NA
Bahamas,BHS,2003,71.06354,34740.76,335625,NA
Bahamas,BHS,2004,76.00198,34617.805,339794,NA
Bahamas,BHS,2005,81.39627,35365.465,343905,NA
Bahamas,BHS,2006,87.55071,35789.133,348386,NA
Bahamas,BHS,2007,88.01282,35797.117,353343,NA
Bahamas,BHS,2008,87.42922,34498.035,358133,NA
Bahamas,BHS,2009,76.52104,32630.264,362806,NA
Bahamas,BHS,2010,78.675606,32711.459,367482,NA
Bahamas,BHS,2011,88.33369,32535.662,371738,NA
Bahamas,BHS,2012,84.25152,33667.555,375474,NA
Bahamas,BHS,2013,84.548416,32402.916,378957,NA
Bahamas,BHS,2014,80.537025,32712.635,382312,NA
Bahamas,BHS,2015,69.67798,32777.586,385355,NA
Bahamas,BHS,2016,67.21292,32172.336,388060,NA
Bahamas,BHS,2017,68.33428,33050.035,390496,NA
Bahamas,BHS,2018,72.15427,33650.215,392718,NA
Bahamas,BHS,2019,68.78662,33202.49,394684,NA
Bahrain,BHR,2000,135.80913,57968.996,669589,NA
Bahrain,BHR,2001,127.02627,57280.7,699964,NA
Bahrain,BHR,2002,131.13364,55096.656,752205,NA
Bahrain,BHR,2003,128.09158,54431.875,811276,NA
Bahrain,BHR,2004,140.7373,54045.094,871446,NA
Bahrain,BHR,2005,148.31352,53478.266,932618,42.482014
Bahrain,BHR,2006,147.10419,52691.934,994626,44.85711
Bahrain,BHR,2007,137.78505,52731.793,1057419,46.32268
Bahrain,BHR,2008,145.8825,52765.39,1120718,57.32776
Bahrain,BHR,2009,117.96372,50665.75,1183616,43.158474
Bahrain,BHR,2010,115.561485,50704.848,1213248,47.78182
Bahrain,BHR,2011,167.52965,53132.33,1206733,52.89615
Bahrain,BHR,2012,178.82402,54516.84,1216307,62.00394
Bahrain,BHR,2013,184.58951,55376.402,1257206,57.060196
Bahrain,BHR,2014,168.57585,55065.82,1312857,54.83569
Bahrain,BHR,2015,147.91606,54149.914,1369656,47.574116
Bahrain,BHR,2016,132.823,54107.074,1429609,43.852318
Bahrain,BHR,2017,136.42924,53859.773,1482003,48.03267
Bahrain,BHR,2018,144.07538,54893.074,1497634,48.81274
Bahrain,BHR,2019,135.41754,56749.96,1485675,55.19671
Bangladesh,BGD,2000,29.321714,2712.935,134544303,2.0774
Bangladesh,BGD,2001,32.09802,2803.5547,136805810,2.1359174
Bangladesh,BGD,2002,28.96738,2866.4346,138933659,2.2502403
Bangladesh,BGD,2003,27.657885,2958.915,140970355,2.319878
Bangladesh,BGD,2004,26.858234,3071.838,142902857,2.3747008
Bangladesh,BGD,2005,34.396935,3231.6138,144715789,2.3492823
Bangladesh,BGD,2006,38.111923,3407.4272,146405983,2.5158095
Bangladesh,BGD,2007,39.942383,3608.9155,147989282,2.7723563
Bangladesh,BGD,2008,42.620914,3787.9382,149474264,3.1103747
Bangladesh,BGD,2009,40.092796,3942.1362,150873716,3.2620938
Bangladesh,BGD,2010,37.80284,4125.464,152201978,3.6318662
Bangladesh,BGD,2011,47.42085,4352.4263,153591074,4.1323123
Bangladesh,BGD,2012,48.110924,4592.0483,155070110,4.2812896
Bangladesh,BGD,2013,46.296402,4822.726,156532134,4.4289165
Bangladesh,BGD,2014,44.51408,5068.6396,157964931,5.619635
Bangladesh,BGD,2015,42.085995,5352.7114,159383179,5.2979045
Bangladesh,BGD,2016,31.33415,5682.5356,160811934,5.667096
Bangladesh,BGD,2017,29.999731,6005.707,162186146,5.6209927
Bangladesh,BGD,2018,32.514633,6392.5933000000005,163523109,6.1247625
Bangladesh,BGD,2019,31.578054,6838.326,164913060,6.474508
Belarus,BLR,2000,141.60916,11182.455,9991310,NA
Belarus,BLR,2001,137.04494,11771.087,9938068,NA
Belarus,BLR,2002,131.00206,12443.933,9873451,NA
Belarus,BLR,2003,134.14185,13413.927,9803175,NA
Belarus,BLR,2004,142.1365,15052.118,9735089,NA
Belarus,BLR,2005,118.88435,16579.873,9667833,15.565367
Belarus,BLR,2006,124.295105,18349.871,9608041,17.40476
Belarus,BLR,2007,128.15388,20019.611,9563135,19.1047
Belarus,BLR,2008,129.59947,22137.947,9529357,21.877363
Belarus,BLR,2009,108.63564,22236.838,9507334,21.172264
Belarus,BLR,2010,115.91798,24012.613,9490752,23.217619
Belarus,BLR,2011,157.97426,25404.756,9472738,26.330496
Belarus,BLR,2012,153.08527,25879.133,9463075,25.7187
Belarus,BLR,2013,119.81596,26147.625,9464454,26.34024
Belarus,BLR,2014,110.65142,26564.436,9472704,25.838018
Belarus,BLR,2015,115.914825,25513.213,9487289,26.693552
Belarus,BLR,2016,125.20932,24846.83,9499066,26.83052
Belarus,BLR,2017,133.36775,25503.98,9495793,27.673475
Belarus,BLR,2018,139.39374,26363.463,9480031,27.820972
Belarus,BLR,2019,130.8504,26798.82,9435415,30.700844
Belgium,BEL,2000,142.23013,50455.734,10251719,62.139027
Belgium,BEL,2001,139.57684,50835.4,10287005,62.25209
Belgium,BEL,2002,136.08514,51471.85,10332975,64.024666
Belgium,BEL,2003,132.71555,51788.844,10376262,65.09032
Belgium,BEL,2004,136.91841,53406.69,10421298,65.92736
Belgium,BEL,2005,144.52905,54346.895,10478883,71.186005
Belgium,BEL,2006,149.5675,55367.62,10548445,67.177864
Belgium,BEL,2007,152.46844,56983.46,10625488,68.505424
Belgium,BEL,2008,161.08846,56787.74,10709711,73.745995
Belgium,BEL,2009,135.13841,55258.707,10812936,72.62742
Belgium,BEL,2010,150.16257,56240.203,10936619,76.264084
Belgium,BEL,2011,160.76552,56585.3,11038624,77.29739
Belgium,BEL,2012,160.3833,56356.824,11107522,77.53464
Belgium,BEL,2013,157.57362,56263.176,11160277,77.65217
Belgium,BEL,2014,158.57161,57002.91,11210113,78.38158
Belgium,BEL,2015,155.06868,57509.023,11275332,75.51626
Belgium,BEL,2016,159.0577,57901.496,11332707,76.23308
Belgium,BEL,2017,166.90408,58529.332,11376583,77.49725
Belgium,BEL,2018,168.2777,59357.69,11428608,75.874306
Belgium,BEL,2019,165.46548,60479.977,11490623,79.80308
Belize,BLZ,2000,96.601845,11363.687,240809,NA
Belize,BLZ,2001,93.16241,11567.026,248393,NA
Belize,BLZ,2002,93.07946,11828.187,256019,NA
Belize,BLZ,2003,94.36312,12589.268,263794,NA
Belize,BLZ,2004,86.38535,12807.166,271695,NA
Belize,BLZ,2005,92.99712,12714.97,279747,NA
Belize,BLZ,2006,98.88107,12912.53,287889,NA
Belize,BLZ,2007,95.95555,12973.207,296117,NA
Belize,BLZ,2008,105.461876,12415.681,304373,NA
Belize,BLZ,2009,89.58089,12033.91,312619,NA
Belize,BLZ,2010,94.85816,11913.664,320256,NA
Belize,BLZ,2011,106.91496,11641.771,327306,NA
Belize,BLZ,2012,111.16665,11843.415,334421,NA
Belize,BLZ,2013,108.672615,12064.797,341635,NA
Belize,BLZ,2014,107.11252,12272.296,348934,NA
Belize,BLZ,2015,104.07096,12348.795,356341,NA
Belize,BLZ,2016,96.49983,12063.06,364717,NA
Belize,BLZ,2017,97.70726,11572.301,373215,NA
Belize,BLZ,2018,100.98921,11451.897,380232,NA
Belize,BLZ,2019,102.44186,11765.975,385833,NA
Benin,BEN,2000,47.348152,2536.169,7221618,NA
Benin,BEN,2001,48.25717,2591.065,7445599,NA
Benin,BEN,2002,43.76842,2630.1807,7675430,NA
Benin,BEN,2003,41.61623,2639.0437,7913074,NA
Benin,BEN,2004,39.902973,2672.844,8159098,NA
Benin,BEN,2005,39.095932,2632.4724,8426145,NA
Benin,BEN,2006,39.7747,2652.2185,8693243,NA
Benin,BEN,2007,49.113785,2729.1375,8953973,NA
Benin,BEN,2008,47.77536,2777.6196,9228468,NA
Benin,BEN,2009,44.70263,2758.0725,9509431,NA
Benin,BEN,2010,51.43086,2733.574,9797488,NA
Benin,BEN,2011,47.21703,2732.0125,10093626,NA
Benin,BEN,2012,50.736736,2779.7266,10397659,NA
Benin,BEN,2013,59.20019,2893.0466,10708831,NA
Benin,BEN,2014,65.26827,2987.3823,11030008,NA
Benin,BEN,2015,56.756313,2952.0022,11360681,NA
Benin,BEN,2016,58.986927,2962.6638,11697845,NA
Benin,BEN,2017,61.476597,3041.7793,12039777,NA
Benin,BEN,2018,61.795193,3155.4512,12383349,NA
Benin,BEN,2019,63.68133,3281.1047,12726760,NA
Bermuda,BMU,2010,74.59508,105968.875,63748,NA
Bermuda,BMU,2011,76.27044,101989.93,63753,NA
Bermuda,BMU,2012,73.7823,96711.07,63665,NA
Bermuda,BMU,2013,76.2701,96549.79,63593,NA
Bermuda,BMU,2014,76.51675,93042.27,63551,NA
Bermuda,BMU,2015,73.2955,93859.875,63482,NA
Bermuda,BMU,2016,72.74991,93265.07,63466,NA
Bermuda,BMU,2017,72.392426,96437.195,63603,NA
Bermuda,BMU,2018,77.55527,95639.23,63852,NA
Bermuda,BMU,2019,77.560104,95519.92,64130,NA
Bhutan,BTN,2000,74.0265,5287.574,596871,NA
Bhutan,BTN,2001,71.094574,5545.6304,610801,NA
Bhutan,BTN,2002,70.28332,5991.255,624417,NA
Bhutan,BTN,2003,72.8499,6323.541,637667,NA
Bhutan,BTN,2004,89.060555,6517.997,650559,NA
Bhutan,BTN,2005,97.743416,6850.804,661875,NA
Bhutan,BTN,2006,108.15779,7140.856,670803,NA
Bhutan,BTN,2007,106.92902,8195.07,678643,NA
Bhutan,BTN,2008,101.95424,8470.035,686359,NA
Bhutan,BTN,2009,101.55941,9019.118,693994,NA
Bhutan,BTN,2010,105.010666,9985.284,701638,NA
Bhutan,BTN,2011,102.7956,10714.687,709387,NA
Bhutan,BTN,2012,94.04503,11143.944,717288,NA
Bhutan,BTN,2013,95.052536,11212.4795,725282,NA
Bhutan,BTN,2014,87.93426,11744.519,733151,NA
Bhutan,BTN,2015,89.63916,12400.298,740623,NA
Bhutan,BTN,2016,76.38475,13320.976,747878,NA
Bhutan,BTN,2017,76.7884,13482.343,754343,NA
Bhutan,BTN,2018,79.73972,13854.8545,759766,NA
Bhutan,BTN,2019,76.12352,14555.188,764830,NA
Bolivia,BOL,2000,45.597775,7492.4336,8606330,NA
Bolivia,BOL,2001,45.22782,7491.1523,8752740,NA
Bolivia,BOL,2002,49.35026,7550.0156,8900358,NA
Bolivia,BOL,2003,51.96784,7625.9053,9050703,NA
Bolivia,BOL,2004,57.464268,7811.5967,9204297,NA
Bolivia,BOL,2005,67.641945,8020.6357,9360758,4.5233727
Bolivia,BOL,2006,74.53785,8263.319,9521685,4.6502185
Bolivia,BOL,2007,76.06191,8493.948,9685960,4.8206244
Bolivia,BOL,2008,82.86702,8865.272,9850859,5.2708383
Bolivia,BOL,2009,68.627075,9011.557,10016279,5.466229
Bolivia,BOL,2010,75.51163,9230.398,10182345,6.013514
Bolivia,BOL,2011,82.48039,9554.445,10348931,6.611329
Bolivia,BOL,2012,84.94876,9884.462,10515814,7.2144227
Bolivia,BOL,2013,81.23091,10391.384,10682612,7.8868313
Bolivia,BOL,2014,85.26447,10790.848,10848889,7.8643084
Bolivia,BOL,2015,67.932846,11144.642,11014707,7.912816
Bolivia,BOL,2016,56.401035,11448.021,11180020,8.156295
Bolivia,BOL,2017,45.57611,11755.256,11344591,8.988842
Bolivia,BOL,2018,46.926197,11920.313,11508370,9.517692
Bolivia,BOL,2019,45.820972,11930.916,11671386,9.550994
Bosnia and Herzegovina,BIH,2000,85.35774,7450.7563,4159785,NA
Bosnia and Herzegovina,BIH,2001,86.035736,7595.4014,4179446,NA
Bosnia and Herzegovina,BIH,2002,78.72748,7960.9434,4188006,NA
Bosnia and Herzegovina,BIH,2003,80.56946,8287.562,4178523,NA
Bosnia and Herzegovina,BIH,2004,81.81268,8891.646,4140990,NA
Bosnia and Herzegovina,BIH,2005,84.35546,9338.51,4096493,17.927525
Bosnia and Herzegovina,BIH,2006,79.82995,9924.582,4063269,20.018959
Bosnia and Herzegovina,BIH,2007,83.55186,10636.563,4013420,21.090841
Bosnia and Herzegovina,BIH,2008,86.16288,11402.562,3947545,21.302977
Bosnia and Herzegovina,BIH,2009,73.7475,11253.108,3879798,22.701504
Bosnia and Herzegovina,BIH,2010,80.968216,11553.985,3811480,25.11025
Bosnia and Herzegovina,BIH,2011,87.83635,11882.052,3741799,27.564182
Bosnia and Herzegovina,BIH,2012,88.14511,12014.575,3670109,29.286215
Bosnia and Herzegovina,BIH,2013,87.93124,12498.691,3610857,29.146742
Bosnia and Herzegovina,BIH,2014,90.55228,12806.156,3564831,30.390177
Bosnia and Herzegovina,BIH,2015,88.29199,13530.477,3518541,32.79729
Bosnia and Herzegovina,BIH,2016,88.24403,14152.334,3472997,32.65131
Bosnia and Herzegovina,BIH,2017,96.64588,14800.325,3428684,32.866726
Bosnia and Herzegovina,BIH,2018,98.43207,15556.144,3386999,33.26323
Bosnia and Herzegovina,BIH,2019,94.51613,16203.45,3345532,35.82757
Botswana,BWA,2000,91.92473,13185.817,1677384,NA
Botswana,BWA,2001,87.52506,12949.641,1712264,NA
Botswana,BWA,2002,91.83578,13479.696,1744765,NA
Botswana,BWA,2003,85.834045,13857.259,1775744,NA
Botswana,BWA,2004,90.997826,13984.842,1807153,NA
Botswana,BWA,2005,88.505356,14361.958,1839881,18.83313
Botswana,BWA,2006,86.612434,15275.583,1874526,19.017317
Botswana,BWA,2007,98.49653,15850.234,1911200,19.176157
Botswana,BWA,2008,99.008224,16040.315,1949973,23.279196
Botswana,BWA,2009,88.48079,13489.951,1990671,17.992584
Botswana,BWA,2010,94.639,14545.02,2033110,19.079994
Botswana,BWA,2011,98.96147,15236.719,2073538,18.674496
Botswana,BWA,2012,111.87528,14957.619,2108617,16.874378
Botswana,BWA,2013,125.78304,16369.426,2140687,16.560192
Botswana,BWA,2014,119.49754,17052.193,2172053,18.408463
Botswana,BWA,2015,112.900894,15994.964,2203276,17.025078
Botswana,BWA,2016,100.46469,16905.588,2234784,17.902578
Botswana,BWA,2017,81.92395,17352.896,2266749,17.725166
Botswana,BWA,2018,87.4551,17825.02,2299149,16.56344
Botswana,BWA,2019,83.09298,18106.01,2332082,16.990244
Brazil,BRA,2000,22.639761,14005.348,174018278,12.489104
Brazil,BRA,2001,26.936285,14016.132,176301201,12.356733
Brazil,BRA,2002,27.618357,14265.905,178503485,12.234266
Brazil,BRA,2003,28.140385,14259.366,180622688,11.989907
Brazil,BRA,2004,29.678253,14911.261,182675144,12.04281
Brazil,BRA,2005,27.086796,15221.014,184688101,12.276319
Brazil,BRA,2006,26.0417,15657.4795,186653099,12.995927
Brazil,BRA,2007,25.292612,16440.584,188552311,14.311291
Brazil,BRA,2008,27.25757,17113.367,190367297,15.594543
Brazil,BRA,2009,22.105976,16939.441,192079958,16.711393
Brazil,BRA,2010,22.772179,18062.158,193701931,18.358423
Brazil,BRA,2011,23.934404,18627.81,195284736,20.073565
Brazil,BRA,2012,25.114273,18832.219,196876113,19.9987
Brazil,BRA,2013,25.785957,19241.506,198478290,19.691858
Brazil,BRA,2014,24.685406,19183.172,200085126,19.440182
Brazil,BRA,2015,26.953627,18357.068,201675534,18.425562
Brazil,BRA,2016,24.533682,17620.928,203218108,17.969023
Brazil,BRA,2017,24.319735,17724.48,204703440,18.362206
Brazil,BRA,2018,28.876204,17917.75,206107265,18.884848
Brazil,BRA,2019,28.890259,18018.621,207455459,19.152273
Brunei,BRN,2000,87.055336,100323.44,326429,NA
Brunei,BRN,2001,91.099785,99680.766,333353,NA
Brunei,BRN,2002,93.21618,101571.586,340108,NA
Brunei,BRN,2003,89.08562,103226.914,346650,NA
Brunei,BRN,2004,84.882164,101497.76,352921,NA
Brunei,BRN,2005,81.62012,99795.69,358930,NA
Brunei,BRN,2006,81.57095,102248.51,364670,NA
Brunei,BRN,2007,81.01141,96752.62,370883,NA
Brunei,BRN,2008,89.74542,91275.5,377800,NA
Brunei,BRN,2009,90.28709,87875.83,384965,NA
Brunei,BRN,2010,95.371544,88586.516,392340,NA
Brunei,BRN,2011,99.53793,90279.664,399395,NA
Brunei,BRN,2012,105.6409,89718.46,405564,NA
Brunei,BRN,2013,110.9396,86606.65,411205,NA
Brunei,BRN,2014,102.421,83310.62,416757,NA
Brunei,BRN,2015,89.89619,81910.19,422223,NA
Brunei,BRN,2016,87.3198,78880.625,427571,NA
Brunei,BRN,2017,85.17686,78966.87,432787,NA
Brunei,BRN,2018,93.89806,78099.05,437811,NA
Brunei,BRN,2019,108.50966,80228.16,442690,NA
Bulgaria,BGR,2000,77.745705,11954.587,8000519,18.275629
Bulgaria,BGR,2001,79.08137,12661.241,7928455,19.692627
Bulgaria,BGR,2002,75.26961,13698.857,7861949,20.167849
Bulgaria,BGR,2003,79.013885,14530.935,7804405,20.071693
Bulgaria,BGR,2004,93.063896,15594.222,7749430,19.960627
Bulgaria,BGR,2005,99.71421,16820.785,7695047,21.04667
Bulgaria,BGR,2006,111.04746,18102,7640292,21.857475
Bulgaria,BGR,2007,123.532555,19449.059,7586896,22.972294
Bulgaria,BGR,2008,124.68875,20786.594,7535589,23.358082
Bulgaria,BGR,2009,92.69264,20220.697,7488016,24.498455
Bulgaria,BGR,2010,103.38052,20670.826,7437594,26.328436
Bulgaria,BGR,2011,117.418106,21238.635,7380023,26.634476
Bulgaria,BGR,2012,123.97132,21521.973,7317020,27.623789
Bulgaria,BGR,2013,129.68869,21841.285,7264605,25.929907
Bulgaria,BGR,2014,130.24838,22318.072,7223450,26.445684
Bulgaria,BGR,2015,126.73664,23371.549,7177515,26.94714
Bulgaria,BGR,2016,122.80551,24393.56,7127436,28.499924
Bulgaria,BGR,2017,129.63443,25397.414,7075642,28.426071
Bulgaria,BGR,2018,129.1665,26348.1,7024745,29.041069
Bulgaria,BGR,2019,125.26042,27736.375,6975466,30.631517
Burkina Faso,BFA,2000,35.12294,1428.574,11925548,NA
Burkina Faso,BFA,2001,31.65817,1477.2849,12294996,NA
Burkina Faso,BFA,2002,31.312523,1494.678,12680904,NA
Burkina Faso,BFA,2003,30.368237,1561.8331,13082530,NA
Burkina Faso,BFA,2004,35.48094,1581.2562,13500536,NA
Burkina Faso,BFA,2005,34.17217,1664.9955,13932127,2.136193
Burkina Faso,BFA,2006,35.10654,1714.7604,14373713,2.2053964
Burkina Faso,BFA,2007,33.779716,1731.9304,14816313,2.1193714
Burkina Faso,BFA,2008,35.38532,1779.3271,15258103,2.0722482
Burkina Faso,BFA,2009,40.295982,1779.323,15710067,2.0316849
Burkina Faso,BFA,2010,49.07324,1873.9714,16176503,2.1869826
Burkina Faso,BFA,2011,57.497253,1939.8666,16661907,2.3148117
Burkina Faso,BFA,2012,61.23861,2003.6647,17172284,2.541213
Burkina Faso,BFA,2013,64.03585,2057.064,17695411,2.6275983
Burkina Faso,BFA,2014,58.823563,2083.1985,18229466,2.4693696
Burkina Faso,BFA,2015,59.08918,2101.7026,18777488,2.5045874
Burkina Faso,BFA,2016,57.893173,2162.7258,19334854,2.7159967
Burkina Faso,BFA,2017,59.26878,2232.2878,19894413,2.8176086
Burkina Faso,BFA,2018,60.595627,2316.3943,20438289,2.7876816
Burkina Faso,BFA,2019,60.40869,2391.5364,20961956,2.7873802
Cambodia,KHM,2000,110.397125,1922.0317,12462343,1.4361778
Cambodia,KHM,2001,111.77174,2032.0809,12658486,1.3703396
Cambodia,KHM,2002,118.26956,2126.3416,12855249,1.4018564
Cambodia,KHM,2003,120.07497,2309.8394,13050977,1.5582962
Cambodia,KHM,2004,131.35149,2491.3093,13244737,1.7363517
Cambodia,KHM,2005,133.55197,2781.8904000000002,13439203,2.109186
Cambodia,KHM,2006,140.34874,3041.1047,13639032,2.2427537
Cambodia,KHM,2007,133.70003,3308.1575,13841773,2.5027134
Cambodia,KHM,2008,130.39351,3501.9258,14053479,2.9862664
Cambodia,KHM,2009,102.28795,3587.609,14276819,2.543019
Cambodia,KHM,2010,109.9984,3711.5376,14500730,2.6773381
Cambodia,KHM,2011,109.790504,3921.979,14722587,2.8236194
Cambodia,KHM,2012,116.740234,4159.1636,14945090,3.151878
Cambodia,KHM,2013,124.88755,4419.399,15170210,3.4963384
Cambodia,KHM,2014,124.45491,4702.7305,15396771,3.612143
Cambodia,KHM,2015,122.1096,4968.5728,15623253,4.077469
Cambodia,KHM,2016,122.70456,5283.7295,15852802,4.3408914
Cambodia,KHM,2017,121.15545,5632.0312,16073374,4.3746815
Cambodia,KHM,2018,118.43765,6050.591,16274522,4.661516
Cambodia,KHM,2019,115.73668,6448.885,16481305,5.0023537
Cameroon,CMR,2000,47.927944,3822.9443,14912632,NA
Cameroon,CMR,2001,51.57227,3884.873,15309489,NA
Cameroon,CMR,2002,48.481724,3951.4194,15725534,NA
Cameroon,CMR,2003,40.24319,4054.7812,16160340,NA
Cameroon,CMR,2004,41.83774,4222.9663,16610485,NA
Cameroon,CMR,2005,44.99768,4199.7227,17074599,4.117959
Cameroon,CMR,2006,47.104435,4241.5176,17550403,4.1287117
Cameroon,CMR,2007,53.21569,4302.619,18049897,4.095379
Cameroon,CMR,2008,56.924416,4300.2666,18574052,4.215469
Cameroon,CMR,2009,42.176105,4286.577,19113978,4.2895923
Cameroon,CMR,2010,47.238586,4286.583,19668063,4.4185743
Cameroon,CMR,2011,51.521988,4307.852,20232312,4.448581
Cameroon,CMR,2012,50.036015,4382.1113,20809530,4.5350537
Cameroon,CMR,2013,49.674538,4473.5723,21402379,4.535044
Cameroon,CMR,2014,50.83239,4588.4863,22059894,4.58376
Cameroon,CMR,2015,45.540146,4698.667,22763418,4.8386984
Cameroon,CMR,2016,40.63863,4767.132,23454165,5.116122
Cameroon,CMR,2017,39.19902,4797.9756,24128609,5.307827
Cameroon,CMR,2018,40.587605,4851.48,24806377,5.804297
Cameroon,CMR,2019,43.378513,4882.3555,25506095,6.166249
Canada,CAN,2000,82.76536,48399.305,30891800,52.643627
Canada,CAN,2001,78.344215,48774.168,31213578,52.326077
Canada,CAN,2002,75.70703,49695.008,31535579,52.195503
Canada,CAN,2003,69.840096,50139.785,31836483,53.81343
Canada,CAN,2004,70.19242,51210.68,32132680,54.890476
Canada,CAN,2005,69.75913,52356.56,32440172,58.451057
Canada,CAN,2006,68.05216,53195.78,32759174,58.050117
Canada,CAN,2007,66.28342,53761.863,33092171,58.131107
Canada,CAN,2008,67.023605,53711.68,33449088,59.88945
Canada,CAN,2009,58.474392,51552.42,33826370,55.785572
Canada,CAN,2010,60.208122,52558.44,34196900,58.41481
Canada,CAN,2011,62.498737,53681.13,34555449,61.105362
Canada,CAN,2012,62.59555,54034.805,34922513,60.37233
Canada,CAN,2013,62.231075,54712.18,35293421,61.309326
Canada,CAN,2014,64.37866,55723.484,35634265,63.82717
Canada,CAN,2015,66.1649,55660.867,35962236,59.803795
Canada,CAN,2016,65.363686,55606.156,36353345,60.476627
Canada,CAN,2017,65.10106,56612.33,36808498,62.09614
Canada,CAN,2018,66.599884,57337.492,37294996,61.829838
Canada,CAN,2019,66.171486,57583.848,37782934,60.960705
Cape Verde,CPV,2000,87.52061,4510.1357,453335,NA
Cape Verde,CPV,2001,92.16372,4540.907,460300,NA
Cape Verde,CPV,2002,101.0897,4710.241,467056,NA
Cape Verde,CPV,2003,98.76838,4841.2656,473384,NA
Cape Verde,CPV,2004,101.56717,5268.303,479377,NA
Cape Verde,CPV,2005,104.34384,5565.7695,485128,NA
Cape Verde,CPV,2006,117.816696,5941.3823,490728,NA
Cape Verde,CPV,2007,94.20621,6767.4067,496196,NA
Cape Verde,CPV,2008,90.966385,7169.1396,501362,NA
Cape Verde,CPV,2009,80.46095,6994.574,506148,NA
Cape Verde,CPV,2010,85.54845,7072.1216,509793,NA
Cape Verde,CPV,2011,90.55645,7325.784,511453,NA
Cape Verde,CPV,2012,90.64992,7397.8223,511966,NA
Cape Verde,CPV,2013,86.16986,7440.6626,512231,NA
Cape Verde,CPV,2014,91.303856,7491.022,512334,NA
Cape Verde,CPV,2015,94.008484,7560.1367,512405,NA
Cape Verde,CPV,2016,95.37814,7881.303,512556,NA
Cape Verde,CPV,2017,100.05213,8234.56,512899,NA
Cape Verde,CPV,2018,105.86752,8531.13,513418,NA
Cape Verde,CPV,2019,103.60265,9111.63,514116,NA
Cayman Islands,CYM,2017,117.436584,74599.68,64561,NA
Cayman Islands,CYM,2018,117.11712,76124.55,65962,NA
Cayman Islands,CYM,2019,114.83854,77476.84,67346,NA
Central African Republic,CAF,2000,45.659782,1245.814,3833421,NA
Central African Republic,CAF,2001,39.7305,1272.857,3919498,NA
Central African Republic,CAF,2002,36.108566,1290.3832,4006079,NA
Central African Republic,CAF,2003,36.231228,1191.8732,4103092,NA
Central African Republic,CAF,2004,33.243954,1236.2854,4192828,NA
Central African Republic,CAF,2005,35.07094,1219.594,4288814,NA
Central African Republic,CAF,2006,36.39587,1251.8708,4377582,NA
Central African Republic,CAF,2007,37.5809,1284.5529,4462777,NA
Central African Republic,CAF,2008,34.437523,1283.2728,4558989,NA
Central African Republic,CAF,2009,31.494247,1402.6816,4529051,NA
Central African Republic,CAF,2010,34.43048,1479.4137,4493003,NA
Central African Republic,CAF,2011,34.475616,1517.1484,4565023,NA
Central African Republic,CAF,2012,33.05945,1577.9806,4610848,NA
Central African Republic,CAF,2013,38.39929,996.89636,4642423,NA
Central African Republic,CAF,2014,53.095093,1001.85596,4623187,NA
Central African Republic,CAF,2015,53.14515,1043.9218,4629322,NA
Central African Republic,CAF,2016,50.530643,1073.9448,4713663,NA
Central African Republic,CAF,2017,57.143547,1103.8661,4793512,NA
Central African Republic,CAF,2018,49.6602,1125.7009,4878663,NA
Central African Republic,CAF,2019,50.0658,1145.0956,4944708,NA
Chad,TCD,2000,51.57117,1506.7158,8512092,NA
Chad,TCD,2001,64.32191,1626.5668,8804122,NA
Chad,TCD,2002,126.35081,1704.273,9116195,NA
Chad,TCD,2003,83.378914,1878.5858,9487830,NA
Chad,TCD,2004,101.76859,2400.97,9920036,NA
Chad,TCD,2005,77.57749,2705.8164,10328094,3.5781677
Chad,TCD,2006,77.08157,2596.0325,10706426,3.590102
Chad,TCD,2007,75.105995,2613.4739,11081667,3.8557522
Chad,TCD,2008,69.06777,2601.3613,11476299,4.010267
Chad,TCD,2009,64.85975,2474.7075,11893753,3.6784136
Chad,TCD,2010,63.73117,2717.4055,12312580,4.7591233
Chad,TCD,2011,57.543755,2741.0708,12755004,4.568066
Chad,TCD,2012,54.38519,2886.2747,13211006,4.9290338
Chad,TCD,2013,51.530815,2864.113,13691081,4.3406982
Chad,TCD,2014,40.811626,2820.678,14188680,4.504975
Chad,TCD,2015,48.511497,2822.5793,14647626,5.0558825
Chad,TCD,2016,43.958015,2622.598,15114652,4.5678473
Chad,TCD,2017,43.290062,2496.2622,15622756,4.452812
Chad,TCD,2018,46.73843,2552.3704,16156535,4.636362
Chad,TCD,2019,46.677723,2604.5315,16685223,4.731496
Chile,CHL,2000,58.71192,17525.271,15503638,16.072504
Chile,CHL,2001,62.144768,17870.3,15683852,15.915101
Chile,CHL,2002,62.483852,18240.201,15857926,15.618626
Chile,CHL,2003,65.69342,18902.871,16024755,16.125267
Chile,CHL,2004,69.88936,19961.984,16187324,17.479486
Chile,CHL,2005,72.06253,20918.527,16348780,19.48057
Chile,CHL,2006,73.71163,21968.537,16509195,22.0159
Chile,CHL,2007,76.97703,22878.883,16671571,23.69634
Chile,CHL,2008,80.67663,23509.781,16838987,23.327753
Chile,CHL,2009,66.68603,23013.582,17009730,23.613308
Chile,CHL,2010,69.71768,24116.77,17181463,26.699575
Chile,CHL,2011,72.48164,25366.27,17351810,29.014107
Chile,CHL,2012,68.15614,26670.498,17519116,30.161224
Chile,CHL,2013,65.14329,27291.357,17687006,30.158035
Chile,CHL,2014,65.63463,27505.049,17864192,31.00204
Chile,CHL,2015,59.34911,27811.375,18047630,30.265446
Chile,CHL,2016,56.05786,27958.729,18267225,30.035727
Chile,CHL,2017,56.026157,27892.994,18558868,31.151522
Chile,CHL,2018,58.17705,28492.662,18893185,31.849947
Chile,CHL,2019,57.611755,28218.535,19197748,31.90617
China,CHN,2000,39.010944,4066.0364,1269581174,3.5005732
China,CHN,2001,38.082645,4372.157,1278725061,3.759835
China,CHN,2002,42.194443,4744.3984,1286866835,4.0382023
China,CHN,2003,51.07748,5192.006,1294517323,4.391763
China,CHN,2004,58.640335,5684.169,1302100316,4.851698
China,CHN,2005,61.360073,6298.323,1310027135,5.267778
China,CHN,2006,63.56958,7057.1,1318054030,5.6809525
China,CHN,2007,61.266464,8013.716,1325813576,6.485825
China,CHN,2008,56.711132,8743.745,1333821011,7.0976367
China,CHN,2009,44.419765,9518.433,1342522717,7.616226
China,CHN,2010,49.854073,10476.3125,1351561505,8.044041
China,CHN,2011,49.945827,11405.018,1360250658,8.914549
China,CHN,2012,47.480213,12217.8545,1369520866,9.499309
China,CHN,2013,45.916042,13080.829,1379008040,9.7300160000000009
China,CHN,2014,44.068455,13968.581,1387951970,10.327312
China,CHN,2015,38.697186,14856.78,1396134171,10.865309
China,CHN,2016,36.17717,15772.765,1404052628,11.403435
China,CHN,2017,36.95085,16757.973,1412354730,12.222228
China,CHN,2018,36.894386,17806.791,1419008954,13.1396885
China,CHN,2019,35.19942,18820.514,1423520357,14.174832
Colombia,COL,2000,32.667084,10813.494,39089939,10.21341
Colombia,COL,2001,33.90111,10823.45,39709263,10.198837
Colombia,COL,2002,32.98264,10925.148,40324684,9.7114525
Colombia,COL,2003,36.516182,11183.291,40937426,9.767348
Colombia,COL,2004,35.863426,11607.938,41543177,9.931048
Colombia,COL,2005,37.4227,11999.255,42128978,10.149454
Colombia,COL,2006,39.641357,12636.625,42691081,10.609034
Colombia,COL,2007,37.098896,13318.304,43235374,10.973864
Colombia,COL,2008,39.16765,13591.061,43758805,11.734323
Colombia,COL,2009,35.156128,13586.752,44271543,12.035478
Colombia,COL,2010,34.264603,14037.064,44777325,12.968755
Colombia,COL,2011,39.470425,14852.37,45259614,14.149802
Colombia,COL,2012,38.83515,15279.479,45715807,14.498014
Colombia,COL,2013,37.98665,15912.247,46151583,14.470545
Colombia,COL,2014,37.487465,16480.363,46565426,14.882218
Colombia,COL,2015,38.360764,16821.38,46969938,14.291327
Colombia,COL,2016,36.202652,17003.244,47437513,13.976612
Colombia,COL,2017,35.282913,16986.033,48131076,14.206431
Colombia,COL,2018,36.53475,17104.13,49024463,14.848378
Colombia,COL,2019,37.558533,17336.771,49907987,15.812911
Comoros,COM,2000,35.757477,2858.857,536084,NA
Comoros,COM,2001,35.75723,2952.4424,547221,NA
Comoros,COM,2002,35.75712,3023.5244,558927,NA
Comoros,COM,2003,35.756958,3023.19,569808,NA
Comoros,COM,2004,35.757065,3058.3833,580711,NA
Comoros,COM,2005,35.75741,3166.3628,592679,NA
Comoros,COM,2006,35.757275,3048.6924,604752,NA
Comoros,COM,2007,33.156178,3012.5474,616935,NA
Comoros,COM,2008,36.218525,3070.3696,629314,NA
Comoros,COM,2009,37.896923,3107.453,641949,NA
Comoros,COM,2010,39.550106,3161.3748,654846,NA
Comoros,COM,2011,40.00095,3227.2166,668064,NA
Comoros,COM,2012,40.810444,3263.163,681637,NA
Comoros,COM,2013,39.243332,3337.5986,696203,NA
Comoros,COM,2014,39.235825,3334.5752,711512,NA
Comoros,COM,2015,37.80495,3302.3862,726685,NA
Comoros,COM,2016,37.13288,3342.7668,741745,NA
Comoros,COM,2017,40.16436,3401.8523,756672,NA
Comoros,COM,2018,42.996155,3457.587,771597,NA
Comoros,COM,2019,42.268078,3451.4214,786582,NA
Congo,COG,2000,123.90988,7570.583,3151349,NA
Congo,COG,2001,130.73248,7567.439,3272542,NA
Congo,COG,2002,135.45607,7729.3887,3350770,NA
Congo,COG,2003,156.86177,7577.4565,3445758,NA
Congo,COG,2004,131.3682,7577.446,3565565,NA
Congo,COG,2005,119.552895,7876.118,3696399,5.821791
Congo,COG,2006,125.60076,8192.58,3837411,5.954547
Congo,COG,2007,148.58662,7375.8247,3980430,4.61384
Congo,COG,2008,133.10849,7587.288,4113514,6.2019157
Congo,COG,2009,135.55237,8138.45,4281218,4.617296
Congo,COG,2010,124.06475,8583.662,4462304,7.6556787
Congo,COG,2011,124.59174,8492.421,4609728,8.3082075
Congo,COG,2012,97.444435,9079.687,4740457,9.335106
Congo,COG,2013,93.00286,8798.494,4857104,8.521385
Congo,COG,2014,104.19762,9159.257,4975887,8.160242
Congo,COG,2015,117.320724,8977.707,5097583,6.398696
Congo,COG,2016,122.25982,8001.8257,5222545,5.5865545
Congo,COG,2017,94.617096,7372.7705,5351013,5.6380725
Congo,COG,2018,100.58321,7029.3364,5483128,7.149206
Congo,COG,2019,91.57575,6939.369,5616656,7.592559
Costa Rica,CRI,2000,86.524925,14018.742,3937737,13.01467
Costa Rica,CRI,2001,80.85276,14250.463,4008951,13.490734
Costa Rica,CRI,2002,80.41395,14495.992,4075710,13.245444
Costa Rica,CRI,2003,83.327705,14891.34,4138791,13.478638
Costa Rica,CRI,2004,85.25648,15323.289,4200079,13.563847
Costa Rica,CRI,2005,89.222664,15703.963,4261240,14.271688
Costa Rica,CRI,2006,89.81455,16620.135,4321337,14.034568
Costa Rica,CRI,2007,86.4566,17743.623,4380250,14.085216
Costa Rica,CRI,2008,86.40151,18334.014,4440058,14.542016
Costa Rica,CRI,2009,69.759315,17932.615,4499788,15.662095
Costa Rica,CRI,2010,67.51209,18660.92,4555965,16.296036
Costa Rica,CRI,2011,68.639145,19254.914,4609834,16.582954
Costa Rica,CRI,2012,67.04854,19960.793,4663930,18.260124
Costa Rica,CRI,2013,64.066414,20232.268,4716153,18.215761
Costa Rica,CRI,2014,65.19124,20724.922,4767126,19.32357
Costa Rica,CRI,2015,60.753563,21254.783,4818045,20.299448
Costa Rica,CRI,2016,62.17848,21925.6,4867003,20.584156
Costa Rica,CRI,2017,65.07195,22622.553,4913177,22.276365
Costa Rica,CRI,2018,66.94534,23005.312,4957813,23.666555
Costa Rica,CRI,2019,65.76053,23364.783,4999549,25.819515
Cote d'Ivoire,CIV,2000,54.963993,4838.3403,17699007,NA
Cote d'Ivoire,CIV,2001,53.114105,4609.1445,18178920,NA
Cote d'Ivoire,CIV,2002,55.901947,4368.928,18654772,NA
Cote d'Ivoire,CIV,2003,53.26006,4060.0005,19125546,NA
Cote d'Ivoire,CIV,2004,58.118298,4088.945,19594997,NA
Cote d'Ivoire,CIV,2005,62.820934,4032.2458,20068468,2.986724
Cote d'Ivoire,CIV,2006,63.690376,4049.2603,20546808,3.0700104
Cote d'Ivoire,CIV,2007,61.430943,3999.691,21030558,3.195116
Cote d'Ivoire,CIV,2008,61.94062,4096.7236,21514446,3.300522
Cote d'Ivoire,CIV,2009,66.672905,4151.0537,21997936,3.4746032
Cote d'Ivoire,CIV,2010,67.47294,4338.6523,22488068,3.7165446
Cote d'Ivoire,CIV,2011,64.715904,4017.4077,22982003,3.9658678
Cote d'Ivoire,CIV,2012,70.30109,4234.1807,23467083,4.583528
Cote d'Ivoire,CIV,2013,58.35268,4597.1865,23939775,4.8817263
Cote d'Ivoire,CIV,2014,53.680416,4907.5747,24527393,5.5416374
Cote d'Ivoire,CIV,2015,52.71536,5110.8623,25246347,6.203406
Cote d'Ivoire,CIV,2016,47.566315,5320.8467,25989404,6.3200502
Cote d'Ivoire,CIV,2017,48.659607,5556.114,26733376,6.6095223
Cote d'Ivoire,CIV,2018,46.040028,5670.2,27464175,6.9295163
Cote d'Ivoire,CIV,2019,44.66041,5894.879,28193014,7.540033
Croatia,HRV,2000,74.601685,20269.08,4326105,23.514591
Croatia,HRV,2001,79.44058,21719.521,4301079,24.147898
Croatia,HRV,2002,81.160995,22966.451,4305783,26.128862
Croatia,HRV,2003,81.44325,24238.408,4306683,27.298973
Croatia,HRV,2004,81.64441,25242.223,4310050,27.773874
Croatia,HRV,2005,81.49233,26300.592,4313946,29.038477
Croatia,HRV,2006,83.517080000000007,27627.291,4315802,29.08061
Croatia,HRV,2007,83.26221,29028.611,4315959,30.89751
Croatia,HRV,2008,82.07908,29604.826,4314635,32.01722
Croatia,HRV,2009,69.70156,27617.043,4310537,30.735718
Croatia,HRV,2010,72.646706,27309.94,4301150,31.073338
Croatia,HRV,2011,77.78395,27374.002,4280827,33.860638
Croatia,HRV,2012,79.00755,26888.752,4259233,35.85464
Croatia,HRV,2013,80.918816,27020.545,4242403,35.141396
Croatia,HRV,2014,85.21662,27076.57,4219485,34.43929
Croatia,HRV,2015,90.65227,28037.549,4183732,37.16969
Croatia,HRV,2016,92.1392,29326.32,4136438,38.39174
Croatia,HRV,2017,97.24452,30779.994,4079198,41.132244
Croatia,HRV,2018,99.084854000000007,32093.988,4024868,39.25482
Croatia,HRV,2019,101.39477,33419.375,3986338,38.796227
Cuba,CUB,2000,31.075989,NA,11109112,NA
Cuba,CUB,2001,29.361095,NA,11144134,NA
Cuba,CUB,2002,24.729313,NA,11177422,NA
Cuba,CUB,2003,26.587133,NA,11209379,NA
Cuba,CUB,2004,31.311415,NA,11238756,NA
Cuba,CUB,2005,39.361374,NA,11262553,NA
Cuba,CUB,2006,37.188015,NA,11278550,NA
Cuba,CUB,2007,37.96761,NA,11287274,NA
Cuba,CUB,2008,44.91722,NA,11291764,NA
Cuba,CUB,2009,32.913982,NA,11294719,NA
Cuba,CUB,2010,40.291943,NA,11297414,NA
Cuba,CUB,2011,46.96043,NA,11301578,NA
Cuba,CUB,2012,45.866203,NA,11303172,NA
Cuba,CUB,2013,44.3239,NA,11298163,NA
Cuba,CUB,2014,39.274155,NA,11285780,NA
Cuba,CUB,2015,31.613813,NA,11275069,NA
Cuba,CUB,2016,27.269114,NA,11265615,NA
Cuba,CUB,2017,26.222437,NA,11247824,NA
Cuba,CUB,2018,27.083548,NA,11227116,NA
Cuba,CUB,2019,22.82089,NA,11202847,NA
Curacao,CUW,2005,134.91145,33651.504,151324,NA
Curacao,CUW,2006,144.55551,33334.855,152516,NA
Curacao,CUW,2007,146.04912,33490.254,153672,NA
Curacao,CUW,2008,166.73955,33795.13,154784,NA
Curacao,CUW,2009,144.70235,33397.4,155832,NA
Curacao,CUW,2010,143.9322,33004.555,156881,NA
Curacao,CUW,2011,172.92342,32704.355,158572,NA
Curacao,CUW,2012,183.23647,32320.877,160904,NA
Curacao,CUW,2013,166.40614,31753.385,163122,NA
Curacao,CUW,2014,164.35982,31128.646,165041,NA
Curacao,CUW,2015,148.31381,30861.32,166621,NA
Curacao,CUW,2016,139.05298,30209.79,167787,NA
Curacao,CUW,2017,139.81245,29729.102,168525,NA
Curacao,CUW,2018,155.26886,29256.814,181590,NA
Cyprus,CYP,2000,137.4949,34369.88,947667,41.91559
Cyprus,CYP,2001,131.84908,35345.34,964129,42.375515
Cyprus,CYP,2002,123.641335,36243.496,981443,41.2168
Cyprus,CYP,2003,114.00463,36744.973,999600,36.811447
Cyprus,CYP,2004,113.90361,38079.086,1017875,37.19426
Cyprus,CYP,2005,111.91707,39356.164,1036156,40.41551
Cyprus,CYP,2006,109.806496,40529.47,1054424,41.629475
Cyprus,CYP,2007,111.27512,41698.445,1072727,40.368713
Cyprus,CYP,2008,112.925934,42147.43,1091029,43.99252
Cyprus,CYP,2009,102.79109,40204.23,1109377,46.031357
Cyprus,CYP,2010,108.9017,40060.457,1127826,47.605515
Cyprus,CYP,2011,110.617134,39214.004,1146493,44.55793
Cyprus,CYP,2012,112.34428,37289.62,1165403,47.46698
Cyprus,CYP,2013,120.9262,34873.137,1183899,44.922203
Cyprus,CYP,2014,130.84436,34353.93,1201806,43.24122
Cyprus,CYP,2015,137.27643,35451.582,1219504,45.10033
Cyprus,CYP,2016,139.0221,37585.184,1237114,46.98066
Cyprus,CYP,2017,148.01335,39409.348,1254274,46.293346
Cyprus,CYP,2018,147.62357,41399.934,1270743,43.352467
Cyprus,CYP,2019,150.50616,43249.793,1286669,48.435753
Czechia,CZE,2000,97.4984,29427.406,10236809,28.797884
Czechia,CZE,2001,98.53687,30399.873,10231942,31.558556
Czechia,CZE,2002,90.87927,30919.549,10239474,31.330708
Czechia,CZE,2003,94.64686,31949.297,10248907,32.832714
Czechia,CZE,2004,113.17397,33452.34,10261453,33.4945
Czechia,CZE,2005,121.191284,35535.746,10280155,35.115566
Czechia,CZE,2006,127.05102,37786.88,10304592,35.70811
Czechia,CZE,2007,129.87674,39629.008,10337539,38.58749
Czechia,CZE,2008,123.90481,40328.344,10378298,37.7356
Czechia,CZE,2009,113.049255,38175.14,10420985,37.5656
Czechia,CZE,2010,126.75648,39097.387,10464035,38.408417
Czechia,CZE,2011,136.75085,39708.164,10495508,40.709778
Czechia,CZE,2012,145.4802,39347.05,10507339,41.04866
Czechia,CZE,2013,145.50223,39317.555,10511164,40.476345
Czechia,CZE,2014,156.41512,40158.016,10517223,41.997353
Czechia,CZE,2015,154.0184,42066.574,10524418,42.950813
Czechia,CZE,2016,148.547,43069.465,10531946,43.276096
Czechia,CZE,2017,147.75084,45177.523,10541343,45.38103
Czechia,CZE,2018,145.14172,46301.082,10548934,45.92363
Czechia,CZE,2019,138.15462,47763.617,10554872,49.792152
Democratic Republic of Congo,COD,2000,27.014402,981.42206,50507445,NA
Democratic Republic of Congo,COD,2001,25.041937,930.85785,52132646,NA
Democratic Republic of Congo,COD,2002,29.316845,929.4528,53750529,NA
Democratic Republic of Congo,COD,2003,54.031357,953.0446,55343873,NA
Democratic Republic of Congo,COD,2004,49.336414,987.74695,56997740,NA
Democratic Republic of Congo,COD,2005,51.027676,1016.6339,58775726,1.0138345
Democratic Republic of Congo,COD,2006,44.76671,1036.1333,60615909,1.0862719
Democratic Republic of Congo,COD,2007,72.99831,1091.004,62477753,1.1386207
Democratic Republic of Congo,COD,2008,72.95271,1136.9468,64390658,1.1118417
Democratic Republic of Congo,COD,2009,63.086006,1108.5751,66412038,1.1227409
Democratic Republic of Congo,COD,2010,80.99751,1158.0143,68563038,1.2352985
Democratic Republic of Congo,COD,2011,83.41336,1205.7399,70849311,1.3118428
Democratic Republic of Congo,COD,2012,66.70567,1267.2383,73254623,1.376266
Democratic Republic of Congo,COD,2013,72.555756,1342.7416,75789397,1.4620652
Democratic Republic of Congo,COD,2014,74.113174,1392.7584,78403248,1.5737215
Democratic Republic of Congo,COD,2015,57.753925,1433.2158,81035532,1.6738734
Democratic Republic of Congo,COD,2016,68.00833,1388.8016,83956416,1.863896
Democratic Republic of Congo,COD,2017,65.918450000000007,1395.7196,87083400,1.7461326
Democratic Republic of Congo,COD,2018,72.55917,1431.7285,90047647,1.8353372
Democratic Republic of Congo,COD,2019,60.914352,1394.7646,92947450,1.805877
Denmark,DNK,2000,83.04208,57907.504,5339659,58.387703
Denmark,DNK,2001,83.92266,58248.555,5358825,57.93497
Denmark,DNK,2002,84.4846,58327.83,5375967,58.694958
Denmark,DNK,2003,80.7613,58425.965,5390621,59.00302
Denmark,DNK,2004,82.00773,59893.094,5404594,61.873425
Denmark,DNK,2005,89.398796,61137.68,5419550,64.562225
Denmark,DNK,2006,97.42986,63262.742,5437425,64.97579
Denmark,DNK,2007,100.047676,63604.562,5461604,66.43892
Denmark,DNK,2008,104.47031,62968.16,5493762,69.79276
Denmark,DNK,2009,89.39486,59516.508,5523169,69.93462
Denmark,DNK,2010,94.387726,60190.633,5547865,75.33401
Denmark,DNK,2011,102.01293,60729.055,5570848,77.95425
Denmark,DNK,2012,104.36228,60497.69,5591911,78.593475
Denmark,DNK,2013,103.612816,61085.03,5615333,77.19141
Denmark,DNK,2014,103.21086,61552.8,5643795,77.33569
Denmark,DNK,2015,105.13036,62405.715,5683698,75.94151
Denmark,DNK,2016,101.45278,63823.45,5728196,77.22661
Denmark,DNK,2017,104.215675,65352.4,5765164,80.47136
Denmark,DNK,2018,108.81399,66238.7,5793824,81.621376
Denmark,DNK,2019,111.89147,67131.47,5814618,85.80067
Djibouti,DJI,2013,347.7203,4469.074,984833,NA
Djibouti,DJI,2014,298.56454,4705.0493,1002720,NA
Djibouti,DJI,2015,268.36346,4961.868,1020316,NA
Djibouti,DJI,2016,213.072,5226.5005,1037660,NA
Djibouti,DJI,2017,305.96796,5421.9565,1054844,NA
Djibouti,DJI,2018,300.3989,5590.5044,1071886,NA
Djibouti,DJI,2019,320.93924,5809.3047,1088710,NA
Dominican Republic,DOM,2000,79.30039,10896.318,8584196,11.725638
Dominican Republic,DOM,2001,70.51057,10991.137,8720287,13.234211
Dominican Republic,DOM,2002,68.72328,11313.069,8852231,13.081678
Dominican Republic,DOM,2003,84.4495,11000.868,8980626,12.213278
Dominican Republic,DOM,2004,81.351425,11131.2705,9104889,12.229299
Dominican Republic,DOM,2005,61.65356,12022.508,9225035,13.452188
Dominican Republic,DOM,2006,63.766483,12961.918,9341187,14.656587
Dominican Republic,DOM,2007,61.22926,13754.921,9455663,15.510447
Dominican Republic,DOM,2008,61.428505,14030.141,9573135,15.146242
Dominican Republic,DOM,2009,50.650936,13992.41,9695270,15.996276
Dominican Republic,DOM,2010,56.057396,14975.001,9820180,16.882969
Dominican Republic,DOM,2011,59.06926,15258.086,9945623,16.710257
Dominican Republic,DOM,2012,58.506252,15487.277,10070409,16.650057
Dominican Republic,DOM,2013,56.813766,16054.768,10193838,16.330427
Dominican Republic,DOM,2014,55.660103,16993.588,10315523,16.183693
Dominican Republic,DOM,2015,52.347122,17973.188,10434826,17.29425
Dominican Republic,DOM,2016,51.730656,18968.975,10551430,18.247055
Dominican Republic,DOM,2017,50.759537,19501.875,10666846,18.449303
Dominican Republic,DOM,2018,52.33517,20662.848,10782048,19.147604
Dominican Republic,DOM,2019,50.912983,21451.287,10894043,20.977322
East Timor,TLS,2000,175.64845,3783.7834,745095,NA
East Timor,TLS,2001,166.74344,4038.336,812253,NA
East Timor,TLS,2002,180.40375,3480.9885,879170,NA
East Timor,TLS,2003,122.31196,3264.9465,916876,NA
East Timor,TLS,2004,107.33083,3234.9758,929081,NA
East Timor,TLS,2005,74.67127,3263.9446,948310,NA
East Timor,TLS,2006,98.87572,3038.9526,976610,NA
East Timor,TLS,2007,128.7609,3256.5698,1004898,NA
East Timor,TLS,2008,135.25076,3530.8823,1032431,NA
East Timor,TLS,2009,157.68645,3792.3582,1058783,NA
East Timor,TLS,2010,134.40051,4047.2495,1084688,NA
East Timor,TLS,2011,140.76634,4189.8,1110212,NA
East Timor,TLS,2012,128.50049,4297.915,1134891,NA
East Timor,TLS,2013,79.634125,4340.2783,1158697,NA
East Timor,TLS,2014,82.73578,4445.3594,1181913,NA
East Timor,TLS,2015,60.076923,4467.8003,1205133,NA
East Timor,TLS,2016,60.310623,4515.423,1228314,NA
East Timor,TLS,2017,58.634754,4290.0273,1251711,NA
East Timor,TLS,2018,64.81918,4188.8413,1275962,NA
East Timor,TLS,2019,70.61424,5103.1494,1300946,NA
Ecuador,ECU,2000,65.4043,9183.052,12689215,8.662809
Ecuador,ECU,2001,56.128487,9405.117,12910736,8.401136
Ecuador,ECU,2002,54.796642,9697.556,13138473,8.94394
Ecuador,ECU,2003,52.357544,9802.814,13372304,9.249545
Ecuador,ECU,2004,56.074547,10290.663,13608700,10.052685
Ecuador,ECU,2005,61.95815,10660.205,13846162,11.528501
Ecuador,ECU,2006,65.842354,10933.49,14086138,12.330692
Ecuador,ECU,2007,68.850586,10952.822,14328783,12.913231
Ecuador,ECU,2008,74.590294,11474.525,14575201,13.958872
Ecuador,ECU,2009,57.347347,11403.527,14825960,13.358304
Ecuador,ECU,2010,65.77738,11665.698,15076697,14.165374
Ecuador,ECU,2011,70.03568,12449.078,15326232,15.599268
Ecuador,ECU,2012,67.00293,12961.026,15572195,16.56428
Ecuador,ECU,2013,63.4333,13689.152,15807132,17.69892
Ecuador,ECU,2014,61.426376,14064.799,16035127,17.77508
Ecuador,ECU,2015,47.82804,13881.57,16266229,16.144073
Ecuador,ECU,2016,40.534492,13586.516,16505142,16.277296
Ecuador,ECU,2017,43.61772,14179.153,16759515,17.066547
Ecuador,ECU,2018,48.009346,14083.507,17049542,17.376074
Ecuador,ECU,2019,48.082848,13870.489,17340017,18.040695
Egypt,EGY,2000,39.017937,9981.628,73083287,NA
Egypt,EGY,2001,39.810425,10117.333,74652035,NA
Egypt,EGY,2002,40.98707,10143.506,76239140,NA
Egypt,EGY,2003,46.17964,10250.377,77853548,NA
Egypt,EGY,2004,57.819904,10451.821,79477441,NA
Egypt,EGY,2005,62.952644,10700.609,81101012,11.516994
Egypt,EGY,2006,61.518536,11211.832,82700404,12.0747385
Egypt,EGY,2007,65.07787,11782.006,84276224,12.995851
Egypt,EGY,2008,71.680626,12391.585,85864791,15.179346
Egypt,EGY,2009,56.553444,12728.081,87501635,15.666975
Egypt,EGY,2010,47.93635,13128.988,89196073,17.15166
Egypt,EGY,2011,45.255634,13082.427,91093066,20.174463
Egypt,EGY,2012,40.71177,13076.806,93161000,23.249084
Egypt,EGY,2013,40.37304,13058.075,95333551,22.70011
Egypt,EGY,2014,36.92019,13136.365,97528655,21.732351
Egypt,EGY,2015,34.845943,13425.912,99597334,22.24853
Egypt,EGY,2016,30.24655,13727.32,101644583,23.009645
Egypt,EGY,2017,42.832134,14018.36,103696055,22.965277
Egypt,EGY,2018,45.91102,14488.209,105682092,25.19107
Egypt,EGY,2019,41.124016,15026.568,107553159,25.790623
El Salvador,SLV,2000,68.71009,7545.4478,5943363,NA
El Salvador,SLV,2001,65.89074,7580.323,5968058,NA
El Salvador,SLV,2002,65.91909,7675.671,5986629,NA
El Salvador,SLV,2003,68.236984,7780.272,5998597,NA
El Salvador,SLV,2004,69.782265,7841.532,6004673,NA
El Salvador,SLV,2005,69.71581,8050.5347,6005583,NA
El Salvador,SLV,2006,73.45557,8404.247,6002321,NA
El Salvador,SLV,2007,77.621056,8548.835,6009820,NA
El Salvador,SLV,2008,80.66598,8704.806,6029302,NA
El Salvador,SLV,2009,66.07119,8494.498,6048284,NA
El Salvador,SLV,2010,73.537285,8648.93,6068253,NA
El Salvador,SLV,2011,79.27664,8943.062,6090128,NA
El Salvador,SLV,2012,77.648575,9165.42,6113977,NA
El Salvador,SLV,2013,80.451195,9327.564,6138845,NA
El Salvador,SLV,2014,78.10442,9451.744,6162952,NA
El Salvador,SLV,2015,76.56027,9646.154,6183675,NA
El Salvador,SLV,2016,72.81909,9863.761,6200808,NA
El Salvador,SLV,2017,74.30465,10064.794,6213538,NA
El Salvador,SLV,2018,75.63361,10297.203,6219803,NA
El Salvador,SLV,2019,76.042015,10543.938,6222316,NA
Equatorial Guinea,GNQ,2005,131.02448,31302.957,947370,NA
Equatorial Guinea,GNQ,2006,118.53278,32251.768,990349,NA
Equatorial Guinea,GNQ,2007,134.08379,35540.45,1036053,NA
Equatorial Guinea,GNQ,2008,128.688,39994.617,1084538,NA
Equatorial Guinea,GNQ,2009,122.212074,38706.605,1135683,NA
Equatorial Guinea,GNQ,2010,144.66823,33668.875,1189097,NA
Equatorial Guinea,GNQ,2011,114.37735,34341.934,1241843,NA
Equatorial Guinea,GNQ,2012,116.67542,35711.492,1293485,NA
Equatorial Guinea,GNQ,2013,106.89329,32894.37,1346220,NA
Equatorial Guinea,GNQ,2014,104.379196,31765.9,1399829,NA
Equatorial Guinea,GNQ,2015,98.87806,27797.795,1453925,NA
Equatorial Guinea,GNQ,2016,92.60073,24435.064,1508192,NA
Equatorial Guinea,GNQ,2017,102.42826,22250.44,1562401,NA
Equatorial Guinea,GNQ,2018,103.64568,20165.48,1616425,NA
Equatorial Guinea,GNQ,2019,94.87879,18446.592,1670184,NA
Eritrea,ERI,2000,67.88136,NA,2247036,NA
Eritrea,ERI,2001,72.06271,NA,2312083,NA
Eritrea,ERI,2002,76.590164,NA,2392981,NA
Eritrea,ERI,2003,74.00783,NA,2493906,NA
Eritrea,ERI,2004,65.57091,NA,2598288,NA
Eritrea,ERI,2005,61.10603,NA,2661215,NA
Eritrea,ERI,2006,45.260845,NA,2703501,NA
Eritrea,ERI,2007,34.55956,NA,2743226,NA
Eritrea,ERI,2008,30.56095,NA,2816331,NA
Eritrea,ERI,2009,27.972141,NA,2887887,NA
Eritrea,ERI,2010,37.471466,NA,2945184,NA
Eritrea,ERI,2011,47.39379,NA,2998493,NA
Estonia,EST,2000,126.49563,20528.57,1397001,19.571894
Estonia,EST,2001,126.54664,21874.695,1388174,20.587934
Estonia,EST,2002,123.28235,23539.906,1379438,21.935745
Estonia,EST,2003,122.744774,25487.533,1370849,22.333717
Estonia,EST,2004,129.9495,27384.084,1362682,23.448483
Estonia,EST,2005,135.9128,30164.006,1354847,26.179033
Estonia,EST,2006,136.62074,33304.594,1346885,26.70977
Estonia,EST,2007,133.98083,35989.863,1340709,29.809814
Estonia,EST,2008,136.68199,34236.95,1337078,30.719822
Estonia,EST,2009,116.75908,29284.404,1334528,32.58019
Estonia,EST,2010,143.67177,30070.299,1331450,34.99152
Estonia,EST,2011,166.74608,32456.121,1327366,37.206036
Estonia,EST,2012,169.15607,33768.574,1322615,39.64116
Estonia,EST,2013,164.60164,34484.223,1317920,39.647835
Estonia,EST,2014,157.95395,35723.625,1314457,40.512623
Estonia,EST,2015,148.50716,36356.44,1314580,38.552685
Estonia,EST,2016,147.74623,37470.043,1315850,39.751358
Estonia,EST,2017,144.63565,39533.465,1317430,41.171707
Estonia,EST,2018,143.48523,40853.65,1321972,44.438168
Estonia,EST,2019,140.35214,42218.96,1326822,47.559307
Eswatini,SWZ,2013,85.20345,8951.058,1130000,NA
Eswatini,SWZ,2014,91.62002,9084.494,1136305,NA
Eswatini,SWZ,2015,88.26209,9186.653,1142822,NA
Eswatini,SWZ,2016,89.35849,9402.509,1149516,NA
Eswatini,SWZ,2017,86.88014,9660.552,1158198,NA
Eswatini,SWZ,2018,85.492775,9578.101,1168933,NA
Eswatini,SWZ,2019,86.64079,10099.586,1179885,NA
Ethiopia,ETH,2011,48.232937,1492.5339,93149977,2.0408325
Ethiopia,ETH,2012,45.397903,1576.7688,95798771,2.1170835
Ethiopia,ETH,2013,41.471786,1696.8651,98438752,2.1767101
Ethiopia,ETH,2014,40.741085,1821.3916,101115615,2.5861454
Ethiopia,ETH,2015,39.656124,1957.4146,103867140,2.722609
Ethiopia,ETH,2016,34.89902,2084.8406,106718163,2.9846203
Ethiopia,ETH,2017,31.10365,2222.8281,109666482,3.058945
Ethiopia,ETH,2018,31.19937,2311.165,112664157,3.1436656
Ethiopia,ETH,2019,28.815294,2437.9705,115737384,3.4065216
Faroe Islands,FRO,2000,110.54536,NA,45687,NA
Faroe Islands,FRO,2001,104.904366,NA,46262,NA
Faroe Islands,FRO,2002,98.62315,NA,46852,NA
Faroe Islands,FRO,2003,108.25829,NA,47448,NA
Faroe Islands,FRO,2004,93.4154,NA,48041,NA
Faroe Islands,FRO,2005,100.96276,NA,48386,NA
Faroe Islands,FRO,2006,97.394714,NA,48456,NA
Faroe Islands,FRO,2007,99.506004,NA,48498,NA
Faroe Islands,FRO,2008,103.49622,54263.33,48528,NA
Faroe Islands,FRO,2009,96.86081,51533.543,48512,NA
Faroe Islands,FRO,2010,97.18244,51479.195,48191,NA
Faroe Islands,FRO,2011,105.84645,53440.336,47957,NA
Faroe Islands,FRO,2012,117.15779,57523.324,48113,NA
Faroe Islands,FRO,2013,114.06229,60948.77,48297,NA
Faroe Islands,FRO,2014,106.14254,64018.094,48515,NA
Faroe Islands,FRO,2015,105.61067,64008.85,48916,NA
Faroe Islands,FRO,2016,104.552704,64155.027,49554,NA
Faroe Islands,FRO,2017,107.23891,65460.605,50268,NA
Faroe Islands,FRO,2018,106.874664,66193.34,51062,NA
Faroe Islands,FRO,2019,108.623245,68134.03,51868,NA
Finland,FIN,2000,74.925575,46968.84,5176197,55.383022
Finland,FIN,2001,70.284134,48099.3,5187970,55.84865
Finland,FIN,2002,69.32094,48792.49,5200548,55.7608
Finland,FIN,2003,68.0715,49655.547,5212958,56.082157
Finland,FIN,2004,70.967804,51494.707,5228147,58.53743
Finland,FIN,2005,76.588974,52744.047,5246078,60.606853
Finland,FIN,2006,82.000565,54653.98,5266248,60.5608
Finland,FIN,2007,82.86316,57313.293,5288715,64.30976
Finland,FIN,2008,86.18966,57494.586,5313379,65.480774
Finland,FIN,2009,70.12794,52599.15,5338854,62.864017
Finland,FIN,2010,75.46121,54017.945,5363347,64.69934
Finland,FIN,2011,78.71594,55053.39,5388236,66.40329
Finland,FIN,2012,79.430374,53957.668,5413978,65.64078
Finland,FIN,2013,77.48517,53183.43,5439057,63.076878
Finland,FIN,2014,74.62777,52710.734,5461686,63.709225000000004
Finland,FIN,2015,71.96182,52782.49,5479719,64.56952
Finland,FIN,2016,71.72221,53984.633,5495468,65.81687
Finland,FIN,2017,75.93878,55637.227,5508398,67.742004
Finland,FIN,2018,79.143616,56226.336,5515730,66.70301
Finland,FIN,2019,80.56415,56922.49,5521754,69.871284
France,FRA,2000,57.78605,45922.48,59483716,59.59324
France,FRA,2001,56.893234,46454.87,59905131,61.51625
France,FRA,2002,55.132526,46610.78,60327247,63.588486
France,FRA,2003,52.59888,46730.977,60741119,60.832603
France,FRA,2004,53.749763,47720.44,61175244,61.278027
France,FRA,2005,55.822838,48257.465,61625031,63.988853
France,FRA,2006,57.869278,49223.246,62049831,65.12917
France,FRA,2007,58.15256,50157.785,62432438,66.86444
France,FRA,2008,59.179794,50068.297,62780187,67.040504
France,FRA,2009,52.199112,48404.965,63106460,66.91059
France,FRA,2010,56.587555,49130.42,63417366,68.51237
France,FRA,2011,60.605637,50085.684,63733776,70.49767
France,FRA,2012,61.65896,49935.625,64058465,71.08738
France,FRA,2013,61.819233,50066.53,64387736,70.648125
France,FRA,2014,62.19927,50326.566,64692495,71.26861
France,FRA,2015,63.50469,50682.895,64916337,72.26746
France,FRA,2016,63.34276,50984.074,65086853,72.82366
France,FRA,2017,65.39585,51895.566,65284775,74.38966
France,FRA,2018,66.80226,52560.953,65519537,74.25583
France,FRA,2019,66.42898,53448.555,65729460,80.23372
French Polynesia,PYF,2000,27.94473,NA,240346,NA
French Polynesia,PYF,2005,58.87574,NA,259517,NA
French Polynesia,PYF,2006,56.61326,NA,263234,NA
French Polynesia,PYF,2007,57.455467,NA,266448,NA
French Polynesia,PYF,2008,58.039646,NA,268390,NA
French Polynesia,PYF,2009,51.67508,NA,269494,NA
French Polynesia,PYF,2010,54.04388,NA,270590,NA
French Polynesia,PYF,2011,56.231987,NA,271734,NA
French Polynesia,PYF,2012,57.88068,NA,273092,NA
French Polynesia,PYF,2013,56.061966,NA,274736,NA
French Polynesia,PYF,2014,56.232456,NA,276391,NA
French Polynesia,PYF,2015,55.63047,NA,277877,NA
French Polynesia,PYF,2016,53.616493,NA,279180,NA
French Polynesia,PYF,2017,54.57769,NA,280096,NA
French Polynesia,PYF,2018,65.01466,NA,279823,NA
French Polynesia,PYF,2019,63.306114,NA,279040,NA
Gabon,GAB,2000,101.70193,21717.225,1275578,NA
Gabon,GAB,2001,83.63861,21604.781,1309594,NA
Gabon,GAB,2002,84.75908,20981.48,1345142,NA
Gabon,GAB,2003,80.302605,20875.455,1382354,NA
Gabon,GAB,2004,81.76754,20438.932,1421620,NA
Gabon,GAB,2005,83.9496,20385.29,1463503,30.73309
Gabon,GAB,2006,88.64941,19224.127,1508338,29.156263
Gabon,GAB,2007,85.13248,19751.877,1556242,30.19786
Gabon,GAB,2008,88.99887,18493.092,1607182,35.270332
Gabon,GAB,2009,83.50458,17911.146,1661567,22.21868
Gabon,GAB,2010,89.15766,18530.576,1719883,25.480875
Gabon,GAB,2011,90.498375,19153.088,1781987,34.33747
Gabon,GAB,2012,92.34281,19450.402,1846893,30.204332
Gabon,GAB,2013,90.63503,19836.455,1913061,30.581564
Gabon,GAB,2014,73.52033,20008.99,1978400,30.14725
Gabon,GAB,2015,73.94978,20147.71,2040990,28.519707
Gabon,GAB,2016,70.133385,19988.176,2100310,27.675024
Gabon,GAB,2017,75.06874,19555.707,2156902,27.83088
Gabon,GAB,2018,77.0366,19225.598,2212320,28.109964
Gabon,GAB,2019,73.42809,19491.406,2267711,29.801157
Gambia,GMB,2000,56.35982,2658.6177,1455095,NA
Gambia,GMB,2001,46.929264,2737.696,1495023,NA
Gambia,GMB,2002,59.642952,2578.5571,1535700,NA
Gambia,GMB,2003,68.858795,2682.48,1577619,NA
Gambia,GMB,2004,49.9343,2794.1936,1621309,NA
Gambia,GMB,2005,50.018723,2653.6423,1667035,NA
Gambia,GMB,2006,50.37447,2564.6865,1715285,NA
Gambia,GMB,2007,44.293846,2567.1572,1765778,NA
Gambia,GMB,2008,39.0891,2649.611,1817859,NA
Gambia,GMB,2009,41.777392999999996,2745.3254,1871428,NA
Gambia,GMB,2010,41.012516,2824.2126,1926634,NA
Gambia,GMB,2011,42.6397,2519.8398,1983785,NA
Gambia,GMB,2012,47.700672,2574.935,2043097,NA
Gambia,GMB,2013,45.461918,2572.4473,2103825,NA
Gambia,GMB,2014,58.25793,2465.1096,2164535,NA
Gambia,GMB,2015,44.522373,2495.9575,2224530,NA
Gambia,GMB,2016,38.114086,2478.4604,2283775,NA
Gambia,GMB,2017,55.733578,2533.1868,2342191,NA
Gambia,GMB,2018,64.81246,2651.4329,2399633,NA
Gambia,GMB,2019,55.997913,2750.8213,2456847,NA
Georgia,GEO,2000,62.661396,5706.2725,4328361,NA
Georgia,GEO,2001,63.329926,6074.0864,4209641,NA
Georgia,GEO,2002,71.62913,6464.325,4127854,NA
Georgia,GEO,2003,77.63338,7227.737,4085489,NA
Georgia,GEO,2004,79.04075,7693.915,4056076,NA
Georgia,GEO,2005,84.529594,8485.587,4026135,14.98912
Georgia,GEO,2006,89.125374,9337.989,3996584,18.32415
Georgia,GEO,2007,88.39342,10567.274,3967592,21.1719
Georgia,GEO,2008,86.298225,10856.104,3941192,22.156137
Georgia,GEO,2009,78.19304,10553.09,3918935,22.791471
Georgia,GEO,2010,81.673386,11294.368,3895932,24.147573
Georgia,GEO,2011,85.465935,12288.683,3868724,26.242535
Georgia,GEO,2012,89.73488,13193.96,3839208,27.073835
Georgia,GEO,2013,93.81391,13913.002,3809128,28.00136
Georgia,GEO,2014,94.9507,14475.313,3792921,28.779175
Georgia,GEO,2015,97.01631,14936.844,3791570,30.09388
Georgia,GEO,2016,94.926254,15442.956,3792061,32.191864
Georgia,GEO,2017,102.584274,16237.624,3792860,35.574593
Georgia,GEO,2018,109.84774,17228.68,3794881,34.644398
Georgia,GEO,2019,117.81008,18186.88,3796722,38.052338
Germany,DEU,2000,59.1956,49875.875,81797255,58.083973
Germany,DEU,2001,59.559288,50606.71,81933882,59.583893
Germany,DEU,2002,58.33257,50406.38,82068328,60.345882
Germany,DEU,2003,58.914543,50111.574,82111619,62.53588
Germany,DEU,2004,62.90649,50704.92,82092706,63.894978
Germany,DEU,2005,66.9531,51182.96,82046733,67.481415
Germany,DEU,2006,72.75919,53222.04,81701971,67.91674
Germany,DEU,2007,74.88384,54832.96,81298546,70.65134
Germany,DEU,2008,76.11317,55425.11,81110780,71.66557
Germany,DEU,2009,66.13913,52484.855,80935276,68.88706
Germany,DEU,2010,73.88524,54738.707,80830916,70.99874
Germany,DEU,2011,78.43301,57858.42,80857877,74.035706
Germany,DEU,2012,79.33165,58017.586,80916391,73.76013
Germany,DEU,2013,77.58603,58089.17,81041581,73.892365
Germany,DEU,2014,76.84835,59108.7,81376078,75.67106
Germany,DEU,2015,77.756584,59573.707,82077546,74.099724
Germany,DEU,2016,76.00599,60407.973,82760102,76.02909
Germany,DEU,2017,77.45484,61866.49,83104010,78.19524
Germany,DEU,2018,79.12523,62381.348,83368507,78.59967
Germany,DEU,2019,79.07324,62849.375,83559184,81.118675
Ghana,GHA,2000,116.04843,3327.352,19637085,NA
Ghana,GHA,2001,110.04585,3369.507,20167073,NA
Ghana,GHA,2002,97.48924,3425.6182,20729392,NA
Ghana,GHA,2003,97.28715,3507.751,21296710,NA
Ghana,GHA,2004,99.670334,3607.3652,21868298,NA
Ghana,GHA,2005,98.17152,3721.3079,22449446,5.511845
Ghana,GHA,2006,64.51905,3857.8616,23040704,5.4192886
Ghana,GHA,2007,65.354324,3923.1257,23642284,6.3293066
Ghana,GHA,2008,69.51423,4174.7812,24249945,6.8371067
Ghana,GHA,2009,71.59474,4269.16,24862667,6.3728943
Ghana,GHA,2010,75.377815,4495.689,25475000,6.7201314
Ghana,GHA,2011,86.295456,5005.367,26095091,7.0698495
Ghana,GHA,2012,93.16804,5339.7134,26734273,7.638496
Ghana,GHA,2013,60.759323,5593.775,27386193,7.875678
Ghana,GHA,2014,63.836563,5619.0723,28041592,8.687737
Ghana,GHA,2015,76.52127,5607.366,28696071,8.222179
Ghana,GHA,2016,67.877,5666.078,29356736,7.9721875
Ghana,GHA,2017,70.54836,5993.631,30008364,7.9013696
Ghana,GHA,2018,67.95852,6234.512,30637592,8.082425
Ghana,GHA,2019,76.82481,6508.2466,31258943,8.805693
Greece,GRC,2000,59.11266,31386.64,10782638,34.14118
Greece,GRC,2001,56.857635,32675.93,10843166,36.395542
Greece,GRC,2002,50.053337,34081.027,10890287,38.017967
Greece,GRC,2003,47.894314,35970.703,10918467,36.920322
Greece,GRC,2004,49.825317,37811.492,10947369,37.68432
Greece,GRC,2005,50.355534,38146.965,10981340,35.795254
Greece,GRC,2006,51.104748,40483.156,11016107,38.030193
Greece,GRC,2007,54.52568,41796.234,11045737,38.440254
Greece,GRC,2008,57.10528,41709.387,11076874,39.811615
Greece,GRC,2009,46.37796,39886.215,11108067,39.698597
Greece,GRC,2010,50.92252,37566.75,11124666,39.88448
Greece,GRC,2011,56.292995,33906.492,11108838,36.30221
Greece,GRC,2012,62.39421,31250.227,11048291,34.935993
Greece,GRC,2013,62.954727,30762.443,10967534,34.78587
Greece,GRC,2014,66.43353,31213.377,10893169,34.229015
Greece,GRC,2015,65.271645,31347.977,10820902,35.89035
Greece,GRC,2016,63.65755,31468.62,10775506,34.110714
Greece,GRC,2017,70.8825,31995.41,10753532,34.763412
Greece,GRC,2018,79.23799,32722.33,10730846,32.844246
Greece,GRC,2019,80.590096,33502.75,10718581,35.219307
Greenland,GRL,2003,87.297195,46649.047,56781,NA
Greenland,GRL,2004,88.152435,49742.06,56926,NA
Greenland,GRL,2005,99.707924,52189,56969,NA
Greenland,GRL,2006,89.693855,55243.71,56901,NA
Greenland,GRL,2007,94.96706,56763.24,56807,NA
Greenland,GRL,2008,107.37322,60506.195,56683,NA
Greenland,GRL,2009,85.75736,61035.566,56547,NA
Greenland,GRL,2010,110.47237,61863.28,56634,NA
Greenland,GRL,2011,130.54794,61170.92,56853,NA
Greenland,GRL,2012,100.9784,62111.1,56797,NA
Greenland,GRL,2013,95.91167,61659.64,56532,NA
Greenland,GRL,2014,87.088585,64799.305,56195,NA
Greenland,GRL,2015,83.10138,63364.055,56048,NA
Greenland,GRL,2016,85.83767,66245.73,56082,NA
Greenland,GRL,2017,84.20725,66297.18,56094,NA
Greenland,GRL,2018,89.77669,66887.68,56100,NA
Greenland,GRL,2019,92.19075,68534.945,56109,NA
Guam,GUM,2002,68.88627,NA,162326,NA
Guam,GUM,2003,64.02354,NA,163146,NA
Guam,GUM,2004,68.00207,NA,163815,NA
Guam,GUM,2005,66.43722,NA,164373,NA
Guam,GUM,2006,72.77017,NA,164848,NA
Guam,GUM,2007,79.46327,NA,165278,NA
Guam,GUM,2008,78.27394,NA,165704,NA
Guam,GUM,2009,72.017395,NA,166189,NA
Guam,GUM,2010,72.03475,NA,166533,NA
Guam,GUM,2011,77.788925,NA,166554,NA
Guam,GUM,2012,76.75214,NA,166348,NA
Guam,GUM,2013,79.53325,NA,165979,NA
Guam,GUM,2014,78.36007,NA,165492,NA
Guam,GUM,2015,71.33989,NA,164914,NA
Guam,GUM,2016,70.4118,NA,164240,NA
Guam,GUM,2017,69.26659,NA,163501,NA
Guam,GUM,2018,72.96315,NA,162689,NA
Guam,GUM,2019,78.064514,NA,161819,NA
Guatemala,GTM,2000,49.145588,8770.404,11697592,NA
Guatemala,GTM,2001,70.66904,8771.155,11969423,NA
Guatemala,GTM,2002,67.10481,8901.536,12246923,NA
Guatemala,GTM,2003,67.00234,8926.153,12525843,NA
Guatemala,GTM,2004,70.214874,9003.857,12807409,NA
Guatemala,GTM,2005,67.1037,9099.724,13087637,8.8409
Guatemala,GTM,2006,67.91193,9386.001,13367455,9.141973
Guatemala,GTM,2007,69.001366,9772.806,13652042,9.640011
Guatemala,GTM,2008,65.178734,9889.572,13935172,9.921935
Guatemala,GTM,2009,58.040688,9740.709,14215614,10.066008
Guatemala,GTM,2010,63.12519,9825.018,14500118,10.46881
Guatemala,GTM,2011,65.04705,10032.089,14792123,10.805719
Guatemala,GTM,2012,61.95942,10126.828,15089639,10.412385
Guatemala,GTM,2013,56.68525,10297.84,15387339,11.1281395
Guatemala,GTM,2014,55.083275,10553.564,15681725,11.313834
Guatemala,GTM,2015,49.89345,10785.958,15971745,11.321547
Guatemala,GTM,2016,46.372734,10872.594,16268761,11.399208
Guatemala,GTM,2017,46.069405,11005.459,16567363,11.924084
Guatemala,GTM,2018,47.011684,11192.372,16845688,12.006821
Guatemala,GTM,2019,45.516735,11466.377,17103803,11.980206
Guinea,GIN,2000,36.679695,2358.2876,8428837,NA
Guinea,GIN,2001,40.187878,2412.7517,8539963,NA
Guinea,GIN,2002,38.028404,2498.1318,8674072,NA
Guinea,GIN,2003,35.075127,2473.2341,8870790,NA
Guinea,GIN,2004,34.595097,2477.503,9062724,NA
Guinea,GIN,2005,47.937702,2501.2217,9245844,NA
Guinea,GIN,2006,69.38629,2478.6133,9441174,NA
Guinea,GIN,2007,71.12103,2587.005,9662278,NA
Guinea,GIN,2008,64.18424,2629.5398,9898870,NA
Guinea,GIN,2009,69.815346,2537.3064,10143540,NA
Guinea,GIN,2010,73.54658,2594.8306,10396090,NA
Guinea,GIN,2011,85.95467,2673.4087,10656812,NA
Guinea,GIN,2012,86.67433,2762.9036,10921580,NA
Guinea,GIN,2013,80.426445,2802.56,11191874,NA
Guinea,GIN,2014,76.771965,2834.9663,11472921,NA
Guinea,GIN,2015,72.44273,2869.8516,11767077,NA
Guinea,GIN,2016,111.83947,3099.7888,12073031,NA
Guinea,GIN,2017,101.25163,3332.7659,12385668,NA
Guinea,GIN,2018,88.98411,3455.645,12704776,NA
Guinea,GIN,2019,78.41531,3557.4624,13034349,NA
Guinea-Bissau,GNB,2000,52.737347,1974.6217,1234747,NA
Guinea-Bissau,GNB,2001,47.583218,2025.6006,1261281,NA
Guinea-Bissau,GNB,2002,39.676064,2053.962,1289317,NA
Guinea-Bissau,GNB,2003,38.03347,2002.2775,1318809,NA
Guinea-Bissau,GNB,2004,43.19213,1979.5746,1349569,NA
Guinea-Bissau,GNB,2005,45.784233,2060.5383,1381590,NA
Guinea-Bissau,GNB,2006,48.7605,2065.0837,1415315,NA
Guinea-Bissau,GNB,2007,46.24453,2065.8613,1450989,NA
Guinea-Bissau,GNB,2008,45.13889,2105.543,1488059,NA
Guinea-Bissau,GNB,2009,43.59575,2102.9272,1526384,NA
Guinea-Bissau,GNB,2010,43.514587,2164.1335,1566352,NA
Guinea-Bissau,GNB,2011,48.61746,2278.4058,1608084,NA
Guinea-Bissau,GNB,2012,44.128067,2180.6077,1651425,NA
Guinea-Bissau,GNB,2013,39.957462,2192.4563,1695980,NA
Guinea-Bissau,GNB,2014,46.86966,2156.2021,1741126,NA
Guinea-Bissau,GNB,2015,54.370377,2230.391,1786461,NA
Guinea-Bissau,GNB,2016,54.300674,2293.2358,1831898,NA
Guinea-Bissau,GNB,2017,56.913746,2342.4153,1877074,NA
Guinea-Bissau,GNB,2018,55.01959,2373.5015,1922167,NA
Guinea-Bissau,GNB,2019,49.943512,2442.1067,1967704,NA
Guyana,GUY,2000,206.76736,8025.2935,764836,NA
Guyana,GUY,2001,199.577,8212.043,764484,NA
Guyana,GUY,2002,196.72508,8314.027,763657,NA
Guyana,GUY,2003,189.16249,8267.429,763107,NA
Guyana,GUY,2004,200.72528,8404.2,762424,NA
Guyana,GUY,2005,194.35075,8256.525,760922,NA
Haiti,HTI,2000,27.153522,3267.0764,8303151,NA
Haiti,HTI,2001,27.569933,3197.0571,8455917,NA
Haiti,HTI,2002,24.939678,3173.7385,8607648,NA
Haiti,HTI,2003,37.197342,3227.1208,8759913,NA
Haiti,HTI,2004,33.78097,3130.8555,8910267,NA
Haiti,HTI,2005,34.965103,3173.2607,9061274,NA
Haiti,HTI,2006,37.05707,3174.9763,9216569,NA
Haiti,HTI,2007,34.28255,3268.8188,9373300,NA
Haiti,HTI,2008,36.14504,3300.2585,9530782,NA
Haiti,HTI,2009,33.0965,3437.3806,9689585,NA
Haiti,HTI,2010,44.721523,3205.4983,9803299,NA
Haiti,HTI,2011,44.16357,3330.9983,9914904,NA
Haiti,HTI,2012,40.25824,3296.2478,10069770,NA
Haiti,HTI,2013,40.332508,3387.4717,10222365,NA
Haiti,HTI,2014,42.351524,3434.636,10373241,NA
Haiti,HTI,2015,41.94574,3433.0752,10523249,NA
Haiti,HTI,2016,41.410904,3446.7527,10671462,NA
Haiti,HTI,2017,42.074547,3485.4924,10817759,NA
Haiti,HTI,2018,45.138577,3496.8787,10962373,NA
Haiti,HTI,2019,44.568718,3392.4326,11105165,NA
Honduras,HND,2000,120.392166,4579.6895,6577781,NA
Honduras,HND,2001,115.94307,4578.9478,6757992,NA
Honduras,HND,2002,117.99745,4627.023,6938866,NA
Honduras,HND,2003,122.248276,4714.867,7119213,NA
Honduras,HND,2004,135.46176,4885.343,7299003,NA
Honduras,HND,2005,136.48976,5056.6753,7478362,NA
Honduras,HND,2006,133.13184,5263.1504,7656832,NA
Honduras,HND,2007,135.07063,5461.9014,7834806,NA
Honduras,HND,2008,135.74896,5566.7065,8012590,NA
Honduras,HND,2009,96.90501,5313.756,8189904,NA
Honduras,HND,2010,109.44184,5396.0723,8365881,NA
Honduras,HND,2011,122.2169,5488.4336,8540587,NA
Honduras,HND,2012,121.18822,5600.608,8715081,NA
Honduras,HND,2013,116.306046,5644.134,8889276,NA
Honduras,HND,2014,112.9751,5705.1626,9063127,NA
Honduras,HND,2015,107.264404,5812.5347,9237306,NA
Honduras,HND,2016,99.81572,5926.49,9412380,NA
Honduras,HND,2017,101.81311,6099.6074,9588144,NA
Honduras,HND,2018,103.55116,6219.28,9765209,NA
Honduras,HND,2019,99.45998,6264.019,9943637,NA
Hong Kong,HKG,2000,247.65402,39848.59,6704665,42.687355
Hong Kong,HKG,2001,240.84898,39777.855,6774243,44.916466
Hong Kong,HKG,2002,255.99646,40258.17,6821412,47.626526
Hong Kong,HKG,2003,292.45465,41570.58,6858906,49.682228
Hong Kong,HKG,2004,326.84106,44836.207,6888164,55.249252
Hong Kong,HKG,2005,342.6892,47938.9,6908483,57.907486
Hong Kong,HKG,2006,359.20865,50981.793,6931089,53.306545
Hong Kong,HKG,2007,362.14948,53813.08,6971344,54.959324
Hong Kong,HKG,2008,376.6568,54630.375,7020689,54.3283
Hong Kong,HKG,2009,348.39755,53172.3,7064464,49.659878
Hong Kong,HKG,2010,404.77057,56355.41,7101614,52.75171
Hong Kong,HKG,2011,421.8547,58672.83,7142969,55.867092
Hong Kong,HKG,2012,430.56854,59015.332,7201059,57.139427
Hong Kong,HKG,2013,442.62003,60601.61,7264330,63.139885
Hong Kong,HKG,2014,425.97586,61839.812,7319502,54.635815
Hong Kong,HKG,2015,389.40594,62779.75,7366411,47.188232
Hong Kong,HKG,2016,371.72723,63749.41,7408006,47.74261
Hong Kong,HKG,2017,376.79565,65662.836,7444889,46.566875
Hong Kong,HKG,2018,376.89276,66993.97,7471190,50.459385
Hong Kong,HKG,2019,353.74353,65388.332,7485817,50.8363
Hungary,HUN,2000,137.26231,22117.92,10190598,25.24496
Hungary,HUN,2001,130.90372,23069.21,10166693,27.715534
Hungary,HUN,2002,118.26933,24229.295,10138461,29.386816
Hungary,HUN,2003,116.78709,25255.871,10108970,29.400913
Hungary,HUN,2004,123.615685,26568.12,10085788,29.355461
Hungary,HUN,2005,128.0048,27765.79,10065703,32.128788
Hungary,HUN,2006,149.23154,28903.047,10049946,32.090454
Hungary,HUN,2007,155.60143,29044.066,10034084,33.15924
Hungary,HUN,2008,158.45322,29384.008,10016653,35.967438
Hungary,HUN,2009,145.30588,27445.959,10001381,36.418587
Hungary,HUN,2010,157.83896,27801.834,9979128,38.153374
Hungary,HUN,2011,166.75435,28415.117,9946675,39.523754
Hungary,HUN,2012,166.1757,28179.656,9916621,38.969757
Hungary,HUN,2013,164.47603,28891.021,9889344,38.185688
Hungary,HUN,2014,168.35835,30264.95,9862843,37.01669
Hungary,HUN,2015,167.29074,31485.568,9839211,36.505177
Hungary,HUN,2016,163.97194,32378.967,9810529,35.142975
Hungary,HUN,2017,165.03285,33828.715,9785608,36.77375
Hungary,HUN,2018,162.70085,35798.043,9774395,37.588276
Hungary,HUN,2019,159.92555,37662.676,9770346,40.447044
Iceland,ISL,2000,70.24777,49338.473,281293,47.932587
Iceland,ISL,2001,73.93953,50556.992,285058,49.140614
Iceland,ISL,2002,68.71083,50379.46,287609,51.287457
Iceland,ISL,2003,67.401,51173.2,289616,50.936623
Iceland,ISL,2004,69.73262,54592.53,292172,54.001846
Iceland,ISL,2005,71.21068,57512.42,296852,54.402416
Iceland,ISL,2006,76.63085,59364.29,303883,49.622932
Iceland,ISL,2007,73.62497,62940.746,311662,50.890667
Iceland,ISL,2008,81.90275,62831.17,317519,58.005207
Iceland,ISL,2009,89.00144,57406.47,318619,65.126686
Iceland,ISL,2010,92.49015,56211.836,318163,62.326572
Iceland,ISL,2011,100.133255,56813.742,319139,62.350258
Iceland,ISL,2012,102.433136,57173.043,320851,64.15448
Iceland,ISL,2013,97.69802,58671.93,323891,61.567177
Iceland,ISL,2014,95.28792,59133.27,327517,61.276012
Iceland,ISL,2015,94.8888,60725.727,330962,61.866894
Iceland,ISL,2016,87.76002,63612.555,335571,59.73019
Iceland,ISL,2017,86.358536,64303.38,343537,59.62731
Iceland,ISL,2018,88.935,65521.93,352860,60.940754
Iceland,ISL,2019,83.792366,64826.434,360709,69.40397
India,IND,2000,26.900923,3099.503,1057922731,2.491568
India,IND,2001,25.993256,3188.8103,1077898579,2.5604465
India,IND,2002,29.508663,3250.6956,1097600380,2.6292472
India,IND,2003,30.592436,3445.926,1116803000,2.7886992
India,IND,2004,37.503815,3656.1262,1135991509,2.9644926
India,IND,2005,42.00167,3881.966,1154676321,3.3555307
India,IND,2006,45.72448,4129.7783,1172878888,3.7615144
India,IND,2007,45.686268,4379.696,1190676028,4.198147
India,IND,2008,53.36822,4450.39,1207930960,4.394219
India,IND,2009,46.27287,4731.362,1225524764,4.632795
India,IND,2010,49.255207,5059.2827,1243481565,5.305764
India,IND,2011,55.62388,5249.5493,1261224956,5.688874
India,IND,2012,55.79372,5460.4375,1278674501,6.124625
India,IND,2013,53.84413,5732.2417,1295829507,5.977552
India,IND,2014,48.922184,6079.8438,1312277184,6.2223783
India,IND,2015,41.922913,6488.146,1328024494,6.5521812
India,IND,2016,40.082485,6940.626,1343944296,6.953342
India,IND,2017,40.742496,7326.607,1359657398,7.24559
India,IND,2018,43.61697,7714.34,1374659067,7.784932
India,IND,2019,39.905403,7930.0913,1389030307,7.462654
Indonesia,IDN,2000,71.436874,6056.382,216077789,4.8264203
Indonesia,IDN,2001,69.793205,6190.5195,219097905,4.826264
Indonesia,IDN,2002,59.07946,6381.9497,222088499,4.9076347
Indonesia,IDN,2003,53.616493,6599.092,225048005,4.8394003
Indonesia,IDN,2004,59.761295,6843.5464,227926649,5.1684403
Indonesia,IDN,2005,63.987934,7140.8545,230871648,5.650079
Indonesia,IDN,2006,56.657127,7434.488,233951650,6.1959624
Indonesia,IDN,2007,54.82925,7802.464,237062338,6.6316214
Indonesia,IDN,2008,58.5614,8165.0615,240157902,7.8130326
Indonesia,IDN,2009,45.512123,8435.456,243220024,8.514496
Indonesia,IDN,2010,46.701275,8848.225,246305327,9.7982855
Indonesia,IDN,2011,50.18001,9274.97,249470029,11.869345
Indonesia,IDN,2012,49.582897,9708.612,252698525,12.435625
Indonesia,IDN,2013,48.63737,10121.814,255852464,12.952612
Indonesia,IDN,2014,48.080177,10504.387,258877395,12.659839
Indonesia,IDN,2015,41.93764,10893.662,261799249,12.141558
Indonesia,IDN,2016,37.42134,11319.663,264627429,12.23478
Indonesia,IDN,2017,39.355495,11772.574,267346654,12.392845
Indonesia,IDN,2018,43.07431,12262.231,269951847,13.0068
Indonesia,IDN,2019,37.627777,12757.785,272489381,13.153089
Iran,IRN,2000,41.257248,11643.122,66418661,NA
Iran,IRN,2001,40.53557,11739.009,67452005,NA
Iran,IRN,2002,48.172688,12583.045,68011318,NA
Iran,IRN,2003,50.679108,13519.45,68769343,NA
Iran,IRN,2004,51.313858,13807.195,70256316,NA
Iran,IRN,2005,54.440495,13935.774,71828455,22.433914
Iran,IRN,2006,53.16736,14320.657,73392747,23.266853
Iran,IRN,2007,49.887306,15237.424,74602648,26.110178
Iran,IRN,2008,48.229404,15091.251,75514201,27.289228
Iran,IRN,2009,43.69958,15055.149,76457831,28.960026
Iran,IRN,2010,43.770645,15729.913,77420851,32.13408
Iran,IRN,2011,41.219414,15947.766,78383602,34.613083
Iran,IRN,2012,44.089348,15159.295,79370583,29.662748
Iran,IRN,2013,47.08672,14734.74,80414689,28.077633
Iran,IRN,2014,45.35142,15262.852,81502045,27.475029
Iran,IRN,2015,39.42259,14841.905,82619365,22.784134
Iran,IRN,2016,39.877243,15920.372,83812230,25.264742
Iran,IRN,2017,43.155693,16167.968,85026761,23.74372
Iran,IRN,2018,56.61535,15364.805,86117999,21.166508
Iran,IRN,2019,48.59177,14841.075,87051649,21.21639
Iraq,IRQ,2000,125.33659,12702.164,24424060,NA
Iraq,IRQ,2001,126.78026,12529.608,25197842,NA
Iraq,IRQ,2002,119.76205,11144.051,26006558,NA
Iraq,IRQ,2003,154.23453,6849.332,26802660,NA
Iraq,IRQ,2004,120.23398,10210.563,27577876,NA
Iraq,IRQ,2005,115.74254,10078.443,28407450,15.281777
Iraq,IRQ,2006,89.65052,10568.914,28616518,17.18833
Iraq,IRQ,2007,74.09285,10853.816,28391606,19.927105
Iraq,IRQ,2008,81.05554,11511.938,28971042,24.020754
Iraq,IRQ,2009,78.68738,11470.518,30058207,27.142397
Iraq,IRQ,2010,73.49748,11816.841,31045367,31.66424
Iraq,IRQ,2011,72.171326,12267.585,32161425,37.468876
Iraq,IRQ,2012,73.60869,13357.015,33654843,41.83891
Iraq,IRQ,2013,67.41002,13712.932,35281987,41.71053
Iraq,IRQ,2014,68.98249,13536.823,36550058,36.486603
Iraq,IRQ,2015,69.59177,13516.027,37560535,26.025658
Iraq,IRQ,2016,54.58832,15016.092,38469628,24.822353
Iraq,IRQ,2017,59.78091,14417.631,39337358,30.271027
Iraq,IRQ,2018,65.80179,14456.235,40265629,34.8939
Iraq,IRQ,2019,68.98994,14910.225,41192172,36.41617
Ireland,IRL,2000,174.95451,53675.004,3802589,50.50551
Ireland,IRL,2001,174.84071,55630.1,3862981,53.470085
Ireland,IRL,2002,163.71933,57927.49,3928441,60.14677
Ireland,IRL,2003,146.53148,58709.156,3992935,65.24012
Ireland,IRL,2004,146.5875,61558.58,4066066,67.148125
Ireland,IRL,2005,148.17557,63689.086,4155283,70.06352
Ireland,IRL,2006,150.02179,65087.18,4268775,69.027405
Ireland,IRL,2007,153.39685,66590.195,4393518,74.354904
Ireland,IRL,2008,160.03941,62320.668,4485992,72.957794
Ireland,IRL,2009,173.59148,58547.266,4533750,79.79625
Ireland,IRL,2010,190.08028,59209.1,4559084,84.470085
Ireland,IRL,2011,186.30489,59899.918,4579603,89.170395
Ireland,IRL,2012,190.35568,59405.047,4600135,90.79626
Ireland,IRL,2013,199.74258,60388.94,4624686,87.89277
Ireland,IRL,2014,211.1816,65575.805,4658236,92.794266
Ireland,IRL,2015,223.70294,80954.664,4702497,119.2469
Ireland,IRL,2016,239.70853,80899.02,4753506,119.92915
Ireland,IRL,2017,233.30408,87882.71,4810258,125.92481
Ireland,IRL,2018,222.45372,93276.016,4872559,126.580215
Ireland,IRL,2019,257.65277,96371.29,4933493,141.34389
Israel,ISR,2000,68.34686,33275.062,6111194,43.60874
Israel,ISR,2001,62.139584,32590.229,6259977,45.636974
Israel,ISR,2002,65.47111,31897.584,6387714,45.242188
Israel,ISR,2003,66.88175,31780.78,6502821,43.84642
Israel,ISR,2004,74.9732,32675.209,6615084,42.976406
Israel,ISR,2005,78.324265,33512.89,6728212,42.21452
Israel,ISR,2006,78.43529,34770.027,6844029,41.33807
Israel,ISR,2007,78.837105,36317.85,6962456,39.988865
Israel,ISR,2008,75.38092,36827.926,7082621,38.613937
Israel,ISR,2009,61.675648,36403.164,7206096,40.101757
Israel,ISR,2010,65.63308,37722.41,7336735,41.042717
Israel,ISR,2011,68.90944,39075.375,7471023,42.041256
Israel,ISR,2012,69.96503,39299.35,7607781,43.03509
Israel,ISR,2013,64.13405,40148.777,7749369,43.534897
Israel,ISR,2014,61.713356,40872.582,7897173,43.45132
Israel,ISR,2015,58.897972,40967.37,8052916,44.12585
Israel,ISR,2016,57.79903,41963.676,8210006,44.817814
Israel,ISR,2017,56.280113,42947.06,8361796,44.61391
Israel,ISR,2018,58.743755,43814.297,8510067,41.96944
Israel,ISR,2019,56.325348,44580.81,8657466,42.248512
Italy,ITA,2000,50.27473,50353.42,57272200,54.765713
Italy,ITA,2001,49.863274,51332.29,57305760,55.51546
Italy,ITA,2002,47.87132,51369.113,57420636,53.204258
Italy,ITA,2003,45.994087,51126.258,57739697,52.36671
Italy,ITA,2004,47.26639,51495.004,58176736,52.286514
Italy,ITA,2005,49.122173,51585.645,58519696,53.438343
Italy,ITA,2006,52.923542,52304.242,58754434,54.01589
Italy,ITA,2007,54.82804,52747.19,59108723,56.36849
Italy,ITA,2008,54.214256,51806.39,59561687,57.795113
Italy,ITA,2009,45.141476,48774.39,59904016,57.79575
Italy,ITA,2010,51.662113,49301.695,60164212,58.415897
Italy,ITA,2011,54.472214,49473.016,60367882,60.869076
Italy,ITA,2012,54.884495,47795.957,60531522,60.95377
Italy,ITA,2013,54.034184,46833.363,60653864,60.57737
Italy,ITA,2014,54.45453,46825.652,60664169,60.517704
Italy,ITA,2015,55.435684,47311.824,60575314,60.275845
Italy,ITA,2016,54.432148,47987.84,60478103,62.454334
Italy,ITA,2017,57.582993,48849.22,60390317,63.58544
Italy,ITA,2018,59.274982,49133.145,60277496,62.97492
Italy,ITA,2019,58.69419,49690.63,60130136,65.8622
Japan,JPN,2000,19.562372,39005.914,127027794,45.020416
Japan,JPN,2001,19.559605,39062.28,127260144,45.43232
Japan,JPN,2002,20.447123,38987.91,127484599,46.569473
Japan,JPN,2003,21.326126,39501.81,127671254,47.31541
Japan,JPN,2004,23.664354,40351.777,127815769,48.13347
Japan,JPN,2005,26.229954,41075.824,127913331,49.435562
Japan,JPN,2006,30.016376,41613.15,127997247,49.527164
Japan,JPN,2007,32.816578,42182.176,128087683,50.43969
Japan,JPN,2008,34.129475,41645.57,128155992,50.23082
Japan,JPN,2009,24.390167,39279.5,128192471,49.356903
Japan,JPN,2010,28.498472,40881.797,128185273,51.380127
Japan,JPN,2011,30.194962,40967.344,128096430,51.01339
Japan,JPN,2012,30.470911,41596.92,127928283,50.722515
Japan,JPN,2013,33.978767,42492.242,127723642,50.891685
Japan,JPN,2014,37.431435,42674.7,127486601,49.72513
Japan,JPN,2015,35.42741,43386.71,127275868,51.098133
Japan,JPN,2016,31.310247,43736.13,127159950,50.0244
Japan,JPN,2017,34.423214,44505.277,127064686,49.2588
Japan,JPN,2018,36.609932,44848.49,126913432,48.393433
Japan,JPN,2019,35.21642,44730.91,126699421,48.807823
Jordan,JOR,2000,110.3289,8086.922,5386945,NA
Jordan,JOR,2001,109.28548,8339.786,5498900,NA
Jordan,JOR,2002,114.03886,8638.08,5616077,NA
Jordan,JOR,2003,115.70683,8800.497,5741837,NA
Jordan,JOR,2004,134.62161,9326.668,5882066,NA
Jordan,JOR,2005,146.90889,9839.688,6029597,11.859115
Jordan,JOR,2006,141.74738,9977.759,6427377,12.678817
Jordan,JOR,2007,145.99425,10161.402,6827235,13.097758
Jordan,JOR,2008,140.91293,10641.59,6989874,15.306282
Jordan,JOR,2009,112.152,10938.503,7141763,16.751163
Jordan,JOR,2010,114.22268,10953.538,7297046,18.70598
Jordan,JOR,2011,118.69968,10977.482,7480431,22.272488
Jordan,JOR,2012,117.85559,11086.03,7587133,23.068405
Jordan,JOR,2013,111.45153,10799.354,7991812,22.94838
Jordan,JOR,2014,109.938805,10148.998,8791715,22.336058
Jordan,JOR,2015,95.35791,9581.689,9544730,20.072813
Jordan,JOR,2016,88.72072,9321.904,10006369,18.624786
Jordan,JOR,2017,89.7316,9339.811,10234227,19.599241
Jordan,JOR,2018,87.63592,9311.531,10462310,19.233986
Jordan,JOR,2019,85.687836,9288.527,10671893,18.61745
Kazakhstan,KAZ,2000,105.69969,12935.864,15501108,NA
Kazakhstan,KAZ,2001,92.84907,14612.029,15575550,NA
Kazakhstan,KAZ,2002,94.031685,15960.874,15656680,NA
Kazakhstan,KAZ,2003,91.46333,17344.752,15747377,NA
Kazakhstan,KAZ,2004,96.4092,18886.582,15850164,NA
Kazakhstan,KAZ,2005,97.762505,20565.53,15968118,13.893486
Kazakhstan,KAZ,2006,91.45353,22574.344,16103718,16.667099
Kazakhstan,KAZ,2007,92.16164,24351.346,16257212,18.915222
Kazakhstan,KAZ,2008,94.29481,24895.664,16426527,21.434372
Kazakhstan,KAZ,2009,75.76607,24901.354,16619851,20.287937
Kazakhstan,KAZ,2010,74.13827,26374.84,16836808,23.497858
Kazakhstan,KAZ,2011,73.11786,27946.16,17065996,28.283356
Kazakhstan,KAZ,2012,73.72373,28881.242,17306115,28.997568
Kazakhstan,KAZ,2013,65.40761,30177.488,17556502,30.454824
Kazakhstan,KAZ,2014,64.97204,30986.438,17816285,30.431162
Kazakhstan,KAZ,2015,53.04973,30893.76,18084175,28.705862
Kazakhstan,KAZ,2016,60.311596,30758.322,18363600,28.926252
Kazakhstan,KAZ,2017,56.825386,31524.441,18651931,30.83024
Kazakhstan,KAZ,2018,63.527958,32330.227,18932725,30.004585
Kazakhstan,KAZ,2019,64.85862,33298.21,19209556,34.4494
Kenya,KEN,2000,53.309044,3756.6362,30642893,NA
Kenya,KEN,2001,55.946835,3778.2585,31619170,NA
Kenya,KEN,2002,55.172672,3681.2568,32629809,NA
Kenya,KEN,2003,54.132267,3674.086,33652233,NA
Kenya,KEN,2004,59.477005,3743.5679,34713453,NA
Kenya,KEN,2005,64.47887,3844.7356,35796485,2.826362
Kenya,KEN,2006,55.236485,3970.7334,36904010,3.0759826
Kenya,KEN,2007,53.89479,4116.451,38036354,3.2216182
Kenya,KEN,2008,57.578598,4002.8835,39206349,3.267086
Kenya,KEN,2009,45.94519,4012.1943,40408887,3.5648894
Kenya,KEN,2010,50.394287,4211.5244,41598570,3.9132981
Kenya,KEN,2011,58.402206,4307.106,42758467,4.1123605
Kenya,KEN,2012,51.62369,4387.938,43888306,4.454724
Kenya,KEN,2013,47.46464,4443.371,44986794,4.663761
Kenya,KEN,2014,46.17049,4558.552,46051441,5.041246
Kenya,KEN,2015,40.327385,4679.622,47088528,5.5361843
Kenya,KEN,2016,34.86502,4770.3105,48139683,5.7847333
Kenya,KEN,2017,35.995056,4846.8623,49197757,6.111132
Kenya,KEN,2018,34.414753,5017.668,50207109,6.5443134
Kenya,KEN,2019,31.759462,5171.7124,51202829,7.109526
Kiribati,KIR,2000,94.16653,2481.4153,88632,NA
Kiribati,KIR,2001,110.78474,2357.5818,90350,NA
Kiribati,KIR,2002,125.625496,2341.6956,92281,NA
Kiribati,KIR,2003,103.92896,2258.034,94189,NA
Kiribati,KIR,2004,101.3597,2199.6707,96096,NA
Kiribati,KIR,2005,123.59427,2183.7812,98045,NA
Kiribati,KIR,2006,94.04681,2264.1616,100028,NA
Kiribati,KIR,2007,96.15904,2286.4465,102081,NA
Kiribati,KIR,2008,95.441925,2172.3577,104235,NA
Kiribati,KIR,2009,97.63603,2137.9658,106479,NA
Kiribati,KIR,2010,85.69725,2119.6401,108717,NA
Kiribati,KIR,2011,93.4314,2150.383,110660,NA
Kiribati,KIR,2012,96.12871,2242.0137,112293,NA
Kiribati,KIR,2013,96.7814,2382.3704,113847,NA
Kiribati,KIR,2014,104.18798,2381.3484,115339,NA
Kiribati,KIR,2015,109.889114,2615.8416,116826,NA
Kiribati,KIR,2016,111.2698,2761.9336,118488,NA
Kiribati,KIR,2017,100.56126,2822.6697,120288,NA
Kiribati,KIR,2018,83.36643,2877.602,122097,NA
Kiribati,KIR,2019,98.31404,2927.4846,123928,NA
Kuwait,KWT,2000,86.618324,60585.3,1954713,NA
Kuwait,KWT,2001,86.850464,59099.664,2008127,NA
Kuwait,KWT,2002,81.2252,59348.617,2059983,NA
Kuwait,KWT,2003,86.555176,67984.31,2109886,NA
Kuwait,KWT,2004,89.29764,73298.06,2157329,NA
Kuwait,KWT,2005,92.242679999999993,78193.9,2236797,73.79275
Kuwait,KWT,2006,89.7131,79521.35,2364741,79.99835
Kuwait,KWT,2007,91.732506,79474.76,2507890,76.15396
Kuwait,KWT,2008,92.68346,77036.51,2651433,88.30951
Kuwait,KWT,2009,88.811066,67896.266,2795489,62.26877
Kuwait,KWT,2010,97.02802,62956.215,2943374,65.496895
Kuwait,KWT,2011,99.11649,64844.5,3132815,78.189896
Kuwait,KWT,2012,101.01144,64908.26,3337025,82.62019
Kuwait,KWT,2013,97.60549,62458.81,3507755,77.87301
Kuwait,KWT,2014,100.03719,60065.656,3665769,68.34523
Kuwait,KWT,2015,98.69999,57763.516,3834465,43.624123
Kuwait,KWT,2016,96.15767,56936.62,4003976,41.381035
Kuwait,KWT,2017,97.84005,52285.586,4154686,43.14085
Kuwait,KWT,2018,102.78563,51623.81,4323389,46.236053
Kuwait,KWT,2019,91.685715,51380.645,4442201,45.809654
Kyrgyzstan,KGZ,2000,89.43093,3638.4631,5025150,NA
Kyrgyzstan,KGZ,2001,73.74691,3795.8906,5071960,NA
Kyrgyzstan,KGZ,2002,82.92073,3760.5325,5116252,NA
Kyrgyzstan,KGZ,2003,83.932785,3982.9272,5159422,NA
Kyrgyzstan,KGZ,2004,93.815735,4211.5225,5203048,NA
Kyrgyzstan,KGZ,2005,95.08401,4156.9585,5246337,4.430661
Kyrgyzstan,KGZ,2006,120.749985,4240.1704,5282451,5.0378933
Kyrgyzstan,KGZ,2007,137.0584,4558.713,5313376,5.543575
Kyrgyzstan,KGZ,2008,146.10608,4894.943,5342530,6.4064913
Kyrgyzstan,KGZ,2009,133.37915,4969.9614,5398013,6.316838
Kyrgyzstan,KGZ,2010,133.23285,4876.4795,5491763,6.1863008
Kyrgyzstan,KGZ,2011,136.17984,5092.8516,5594537,7.1753173
Kyrgyzstan,KGZ,2012,139.67593,4993.3945,5696521,7.6877375
Kyrgyzstan,KGZ,2013,134.02678,5418.5405,5797294,8.366298
Kyrgyzstan,KGZ,2014,125.12618,5513.7544,5898322,11.145361
Kyrgyzstan,KGZ,2015,110.96157,5600.2144,6001876,7.7262826
Kyrgyzstan,KGZ,2016,105.82357,5715.0103,6108460,NA
Kyrgyzstan,KGZ,2017,100.61745,5861.222,6220148,NA
Kyrgyzstan,KGZ,2018,98.87556,5951.8286,6341733,8.839995
Kyrgyzstan,KGZ,2019,94.43028,6087.602,6494036,8.824071
Laos,LAO,2000,68.8373,2899.0195,5431213,NA
Laos,LAO,2001,65.89944,3015.6326,5521481,NA
Laos,LAO,2002,67.254906,3143.2234,5610888,NA
Laos,LAO,2003,60.572098,3282.9854,5697944,NA
Laos,LAO,2004,66.07975,3441.17,5781627,NA
Laos,LAO,2005,71.79265,3630.5588,5869531,NA
Laos,LAO,2006,81.96137,3881.5374,5963199,NA
Laos,LAO,2007,79.21263,4112.253,6056237,NA
Laos,LAO,2008,81.84918,4367.163,6148974,NA
Laos,LAO,2009,76.930824,4625.072,6241649,NA
Laos,LAO,2010,84.72034,4946.1055,6334198,NA
Laos,LAO,2011,91.69869,5266.879,6426592,NA
Laos,LAO,2012,98.18513,5608.9697,6518981,NA
Laos,LAO,2013,98.179146,5974.4736,6611385,NA
Laos,LAO,2014,99.05974,6341.2124,6703170,NA
Laos,LAO,2015,85.798325,6703.741,6801647,NA
Laos,LAO,2016,75.09189,7063.2554,6908800,NA
Latvia,LVA,2000,83.61213,14554.213,2368320,18.661888
Latvia,LVA,2001,88.17683,15695.906,2338299,19.513866
Latvia,LVA,2002,85.9772,17096.559,2311358,20.475597
Latvia,LVA,2003,88.58156,18717.668,2288983,20.522976
Latvia,LVA,2004,97.23527,20574.12,2264179,21.492228
Latvia,LVA,2005,104.51716,23213.354,2239787,22.736782
Latvia,LVA,2006,105.69534,26431.814,2219039,23.280346
Latvia,LVA,2007,100.88091,29423.736,2200774,24.708496
Latvia,LVA,2008,95.768166,28726.973,2177710,26.198425
Latvia,LVA,2009,88.83205,24520.68,2142044,28.059578
Latvia,LVA,2010,110.86235,24119.73,2097834,30.8719
Latvia,LVA,2011,129.73476,25308.732,2059940,32.149395
Latvia,LVA,2012,133.2115,27496.545,2034639,33.910015
Latvia,LVA,2013,129.67719,28375.184,2013004,32.79807
Latvia,LVA,2014,130.04225,29243.742,1994153,34.407726
Latvia,LVA,2015,126.38001,30599.613,1977874,35.79208
Latvia,LVA,2016,123.33052,31668.516,1959863,36.694527
Latvia,LVA,2017,128.714,33036.39,1942599,38.950283
Latvia,LVA,2018,128.2341,34729.707,1927586,38.739853
Latvia,LVA,2019,125.29163,35208.195,1914267,40.054237
Lebanon,LBN,2000,50.115295,11571.732,4329345,NA
Lebanon,LBN,2001,55.55681,11817.931,4401923,NA
Lebanon,LBN,2002,51.042534,12053.834,4463505,NA
Lebanon,LBN,2003,54.090836,12272.344,4525513,NA
Lebanon,LBN,2004,90.97279,12882.076,4599285,NA
Lebanon,LBN,2005,92.76266,13024.665,4671105,18.179987
Lebanon,LBN,2006,91.0694,13003.681,4751146,17.779432
Lebanon,LBN,2007,97.967705,13941.562,4844119,19.253906
Lebanon,LBN,2008,106.62567,14955.142,4925359,20.836359
Lebanon,LBN,2009,90.39784,16264.351,4992295,22.837755
Lebanon,LBN,2010,95.09665,17390.758,5041290,23.936813
Lebanon,LBN,2011,102.139885,17353.195,5096018,22.836386
Lebanon,LBN,2012,88.5455,17323.3,5235742,23.2049
Lebanon,LBN,2013,86.17433,16396.496,5743441,22.33844
Lebanon,LBN,2014,79.817154,15205.873,6346993,21.308762
Lebanon,LBN,2015,71.83904,14980.0205,6472470,22.700865
Lebanon,LBN,2016,67.72362,15572.361,6323061,25.654816
Lebanon,LBN,2017,68.45543,16128.584,6160129,27.934513
Lebanon,LBN,2018,68.25731,16290.052,5984120,30.345118
Lebanon,LBN,2019,62.980915,15659.566,5794601,32.321648
Lesotho,LSO,2007,165.04895,2470.3147,1953273,NA
Lesotho,LSO,2008,161.12659,2589.1663,1966547,NA
Lesotho,LSO,2009,158.89474,2538.1934,1980884,NA
Lesotho,LSO,2010,150.10243,2651.378,1996256,NA
Lesotho,LSO,2011,149.7966,2749.3196,2014015,NA
Lesotho,LSO,2012,150.20857,2894.227,2034363,NA
Lesotho,LSO,2013,133.3655,2914.3752,2056509,NA
Lesotho,LSO,2014,126.29247,2930.6172,2080091,NA
Lesotho,LSO,2015,129.72278,2986.9587,2104614,NA
Lesotho,LSO,2016,136.31525,3057.261,2130424,NA
Lesotho,LSO,2017,146.36678,2924.681,2157117,NA
Lesotho,LSO,2018,144.43495,2846.4182,2183611,NA
Lesotho,LSO,2019,140.51663,2773.2864,2209414,NA
Libya,LBY,2000,45.281094,17747.02,5305020,NA
Libya,LBY,2001,43.17345,17115.988,5403639,NA
Libya,LBY,2002,78.85976,16629.436,5508412,NA
Libya,LBY,2003,90.61273,18422.734,5619405,NA
Libya,LBY,2004,96.12933,18851.203,5736696,NA
Libya,LBY,2005,90.86089,20649.463,5858793,NA
Libya,LBY,2006,97.7381,21545.299,5980212,NA
Libya,LBY,2007,102.732315,22422.012,6104381,NA
Libya,LBY,2008,103.24216,21915.197,6235433,NA
Libya,LBY,2009,107.62093,20518.965,6366689,NA
Libya,LBY,2010,98.07721,21115.525,6497837,NA
Libya,LBY,2011,63.005436,10741.921,6343210,NA
Libya,LBY,2012,98.22432,20601.002,6179327,NA
Libya,LBY,2013,106.33436,16557.5,6304636,NA
Libya,LBY,2014,76.52488,12499.083,6427260,NA
Libya,LBY,2015,56.904907,12195.349,6531825,NA
Libya,LBY,2016,41.110176,11831.826,6632130,NA
Libya,LBY,2017,47.548965,15428.116,6738771,NA
Libya,LBY,2018,63.78113,16385.164,6849058,NA
Libya,LBY,2019,78.99397,14337.196,6951040,NA
Lithuania,LTU,2000,83.1915,15771.427,3500410,21.022623
Lithuania,LTU,2001,93.48714,16933.023,3473008,23.666027
Lithuania,LTU,2002,100.33223,18216.545,3444051,23.844006
Lithuania,LTU,2003,98.09141,20302.984,3415276,25.41317
Lithuania,LTU,2004,104.07207,21867.287,3376703,24.645527
Lithuania,LTU,2005,117.44969,23944.701,3322264,26.430372
Lithuania,LTU,2006,124.61363,26129.34,3269809,28.07162
Lithuania,LTU,2007,116.29581,29370.773,3231378,29.371418
Lithuania,LTU,2008,126.759705,30445.781,3198482,30.542763
Lithuania,LTU,2009,105.04025,26217.545,3163255,30.091677
Lithuania,LTU,2010,131.62651,26887.492,3097721,32.781788
Lithuania,LTU,2011,149.64531,29240.748,3028642,37.597885
Lithuania,LTU,2012,156.63893,30920.33,2988334,39.29255
Lithuania,LTU,2013,156.62663,32474.64,2958359,38.78282
Lithuania,LTU,2014,143.29012,33975.086,2933171,39.583477
Lithuania,LTU,2015,138.19557,35251.297,2905771,38.616436
Lithuania,LTU,2016,134.69044,36618.15,2869109,38.02675
Lithuania,LTU,2017,144.9184,38774.49,2829317,40.97545
Lithuania,LTU,2018,147.20213,41019.79,2802485,41.829094
Lithuania,LTU,2019,148.375,43062.324,2795057,45.11943
Luxembourg,LUX,2000,272.41232,114141.586,436142,79.95352
Luxembourg,LUX,2001,270.76562,116258.43,441754,73.46594
Luxembourg,LUX,2002,250.6892,118757.53,446392,71.85395
Luxembourg,LUX,2003,244.97795,120396.26,451845,68.29043
Luxembourg,LUX,2004,265.2269,123720.26,458305,65.19919
Luxembourg,LUX,2005,284.07748,124866.86,465369,69.578575
Luxembourg,LUX,2006,305.87955,130284.97,472869,67.867516
Luxembourg,LUX,2007,307.48502,138677.97,480277,68.847755
Luxembourg,LUX,2008,292.21347,135812.22,488995,67.947876
Luxembourg,LUX,2009,263.5327,129002.24,498196,67.370415
Luxembourg,LUX,2010,293.67188,131432.06,507418,75.18357
Luxembourg,LUX,2011,308.71445,129885.37,518583,66.83374
Luxembourg,LUX,2012,311.78683,128895.41,530951,71.18669
Luxembourg,LUX,2013,320.5335,129945.45,543358,68.91924
Luxembourg,LUX,2014,333.42886,130247.664,556285,76.93051
Luxembourg,LUX,2015,351.132,130097.26,569540,84.744995
Luxembourg,LUX,2016,348.4374,133661.66,583511,86.03003
Luxembourg,LUX,2017,353.794,132169.83,596506,90.22695
Luxembourg,LUX,2018,361.86545,131733.89,608109,83.28531
Luxembourg,LUX,2019,382.66077,132724.75,620167,89.14583
Macao,MAC,2000,147.76979,55994.76,437316,NA
Macao,MAC,2001,150.02359,57173.86,445121,NA
Macao,MAC,2002,152.38264,61625.957,456026,NA
Macao,MAC,2003,150.78839,67994.78,469062,NA
Macao,MAC,2004,148.90375,84004.45,482209,NA
Macao,MAC,2005,136.37222,87185.52,495416,NA
Macao,MAC,2006,128.78569,93828.32,508752,NA
Macao,MAC,2007,130.6706,102879.64,522281,NA
Macao,MAC,2008,126.60713,102474.67,535935,NA
Macao,MAC,2009,113.554596,104911.14,549492,NA
Macao,MAC,2010,119.93841,130758.28,562809,NA
Macao,MAC,2011,122.88687,155385.33,575644,NA
Macao,MAC,2012,123.71135,164239.27,587450,NA
Macao,MAC,2013,121.37508,174569.52,598752,NA
Macao,MAC,2014,118.58083,162813.44,610308,NA
Macao,MAC,2015,119.250435,123194.07,622185,NA
Macao,MAC,2016,112.890236,120530.055,634317,NA
Macao,MAC,2017,115.454666,133322.62,646558,NA
Macao,MAC,2018,116.56868,139541.16,658777,NA
Macao,MAC,2019,115.2313,133453.89,670982,NA
Madagascar,MDG,2000,42.777122,1701.4432,16516336,NA
Madagascar,MDG,2001,41.035126,1748.5035,17032933,NA
Madagascar,MDG,2002,50.18169,1486.4343,17549915,NA
Madagascar,MDG,2003,34.0306,1584.7493,18071860,NA
Madagascar,MDG,2004,48.775383,1620.1195,18606606,NA
Madagascar,MDG,2005,59.130085,1648.1763,19159711,1.8780626
Madagascar,MDG,2006,62.10284,1686.8634,19730916,1.9198712
Madagascar,MDG,2007,66.702736,1731.6176,20318590,1.932734
Madagascar,MDG,2008,74.35735,1794.4023,20923842,2.099546
Madagascar,MDG,2009,62.411697,1673.1555,21547277,2.0235825
Madagascar,MDG,2010,57.874893,1635.2451,22183343,2.1621568
Madagascar,MDG,2011,56.483093,1614.5514,22822305,2.2336211
Madagascar,MDG,2012,52.651714,1617.7908,23462444,2.1580343
Madagascar,MDG,2013,56.36758,1610.6023,24109290,2.04276
Madagascar,MDG,2014,61.969433,1620.3579,24764356,1.9591802
Madagascar,MDG,2015,61.22038,1627.5806,25426703,1.930075
Madagascar,MDG,2016,60.834698,1648.9122,26099950,1.9594918
Madagascar,MDG,2017,65.3434,1669.7277,26788379,1.8739384
Madagascar,MDG,2018,67.84151,1678.7863,27494930,1.7739499
Madagascar,MDG,2019,62.601322,1707.8315,28219559,1.8394303
Malawi,MWI,2017,45.300312,1613.0593,18039714,3.1827612
Malawi,MWI,2018,43.578773,1638.9166,18528086,3.2169983
Malawi,MWI,2019,44.195454,1687.2894,19025748,3.2968793
Malaysia,MYS,2000,220.40678,18532.91,22967817,16.220388
Malaysia,MYS,2001,203.36464,18186.441,23526535,15.893072
Malaysia,MYS,2002,199.35623,18708.87,24102477,16.217607
Malaysia,MYS,2003,194.19513,19329.006,24679604,16.827524
Malaysia,MYS,2004,210.37427,20168.506,25256773,18.222843
Malaysia,MYS,2005,203.85464,20767.586,25836075,20.31742
Malaysia,MYS,2006,202.57715,21444.486,26417909,20.276554
Malaysia,MYS,2007,192.4655,22305.12,26998383,22.037416
Malaysia,MYS,2008,176.66832,22898.002,27570052,24.968641
Malaysia,MYS,2009,162.55898,22106.643,28124779,22.963558
Malaysia,MYS,2010,157.94476,23307.97,28655772,23.306805
Malaysia,MYS,2011,154.93768,24115.818,29162034,24.118914
Malaysia,MYS,2012,147.84175,25006.36,29662835,25.983847
Malaysia,MYS,2013,142.721,25736.354,30174269,25.792534
Malaysia,MYS,2014,138.31223,26818.432,30696133,25.380049
Malaysia,MYS,2015,131.37007,27699.627,31232796,24.520937
Malaysia,MYS,2016,126.89901,28425.371,31789692,25.20791
Malaysia,MYS,2017,133.15517,29551.545,32355642,25.783104
Malaysia,MYS,2018,130.40262,30459.965,32910963,27.85291
Malaysia,MYS,2019,123.028564,31300.508,33440590,27.1924
Maldives,MDV,2014,165.97925,18765.36,413623,NA
Maldives,MDV,2015,143.7205,18829.447,428165,NA
Maldives,MDV,2016,144.38022,19345.18,443316,NA
Maldives,MDV,2017,141.91211,20036.717,458297,NA
Maldives,MDV,2018,142.49113,21072.58,473106,NA
Maldives,MDV,2019,137.12523,21855.502,487737,NA
Mali,MLI,2000,44.66576,2187.719,11559291,NA
Mali,MLI,2001,49.323906,2458.4617,11912162,NA
Mali,MLI,2002,46.352924,2455.6194,12288051,NA
Mali,MLI,2003,46.891533,2611.837,12684951,NA
Mali,MLI,2004,44.0121,2565.9775,13102415,NA
Mali,MLI,2005,44.912407,2546.3328,13538648,2.4356804
Mali,MLI,2006,49.019077,2555.0747,13990143,2.6783137
Mali,MLI,2007,46.897793,2515.947,14457776,2.654875
Mali,MLI,2008,53.64302,2523.1997,14940786,2.8439631
Mali,MLI,2009,40.54138,2575.5454,15435536,3.3380926
Mali,MLI,2010,48.816696,2632.2646,15945201,3.432474
Mali,MLI,2011,43.18147,2623.3462,16469054,3.2213447
Mali,MLI,2012,49.425236,2520.5293,16957039,2.9502165
Mali,MLI,2013,54.603245,2528.53,17459619,2.8605611
Mali,MLI,2014,51.078682,2609.1672,18020267,2.9985
Mali,MLI,2015,53.575176,2686.5605,18593022,3.002826
Mali,MLI,2016,53.612617,2759.1106,19191298,3.564854
Mali,MLI,2017,49.491997,2816.1943,19813016,3.6448176
Mali,MLI,2018,50.699844,2862.4072,20442031,3.8564076
Mali,MLI,2019,53.998714,2916.1716,21068405,3.9627812
Malta,MLT,2000,189.60123,29560.18,399905,35.261875
Malta,MLT,2001,161.32536,29116.826,402788,32.448463
Malta,MLT,2002,162.52408,29692.77,405571,32.989243
Malta,MLT,2003,154.57416,30587.568,408236,33.278355
Malta,MLT,2004,155.88992,30506.588,410800,32.916885
Malta,MLT,2005,157.5485,31186.127,413324,35.444523
Malta,MLT,2006,182.43405,31798.629,415463,33.772118
Malta,MLT,2007,184.83133,33283.85,417201,34.087177
Malta,MLT,2008,185.74953,34526.49,418969,34.640186
Malta,MLT,2009,163.55685,33789.06,420800,35.942146
Malta,MLT,2010,178.23296,35707.266,422654,37.80733
Malta,MLT,2011,192.02734,35909.082,424635,37.80428
Malta,MLT,2012,199.21386999999999,37047.32,426616,39.8235
Malta,MLT,2013,187.43225,38935.188,428457,37.110252
Malta,MLT,2014,181.30113,41068.21,434494,36.77276
Malta,MLT,2015,207.19601,43930.92,444978,42.911243
Malta,MLT,2016,213.35947,44687.773,455276,39.722054
Malta,MLT,2017,213.04759,49122.473,467902,43.162395
Malta,MLT,2018,228.09856,50826.293,484560,42.655525
Malta,MLT,2019,233.07043,50801.957,504017,42.67168
Marshall Islands,MHL,2000,130.08311,3772.2158,50721,NA
Marshall Islands,MHL,2001,118.73436,4000.7305,51137,NA
Marshall Islands,MHL,2002,102.32055,4121.84,51441,NA
Marshall Islands,MHL,2003,117.02467,4040.655,51657,NA
Marshall Islands,MHL,2004,114.0231,4012.3445,51803,NA
Marshall Islands,MHL,2005,124.70101,4075.1587,51928,NA
Marshall Islands,MHL,2006,112.408516,4075.5764,52011,NA
Marshall Islands,MHL,2007,114.52771,4222.413,52050,NA
Marshall Islands,MHL,2008,122.04679,3903.3057,52049,NA
Marshall Islands,MHL,2009,128.86223,4047.2268,52036,NA
Marshall Islands,MHL,2010,144.80496,4269.3584,52064,NA
Marshall Islands,MHL,2011,153.24016,4259.116,51927,NA
Marshall Islands,MHL,2012,157.5171,4244.0444,51438,NA
Marshall Islands,MHL,2013,161.91974,4469.8535,50696,NA
Marshall Islands,MHL,2014,149.8535,4491.9917,49815,NA
Marshall Islands,MHL,2015,138.48982,4670.1094,48823,NA
Marshall Islands,MHL,2016,116.32636,4896.522,47730,NA
Marshall Islands,MHL,2017,125.14525,5199.344,46544,NA
Marshall Islands,MHL,2018,128.48227,5635.3076,45307,NA
Marshall Islands,MHL,2019,153.00774,6405.0757,44030,NA
Mauritania,MRT,2000,58.940376,5008.608,2613450,NA
Mauritania,MRT,2001,60.701214,4847.4106,2678766,NA
Mauritania,MRT,2002,56.78553,4806.8984,2738659,NA
Mauritania,MRT,2003,55.318024,5023.6523,2802050,NA
Mauritania,MRT,2004,75.2188,5139.2256,2868671,NA
Mauritania,MRT,2005,88.2351,5445.8296,2939060,NA
Mauritania,MRT,2006,82.7885,6284.702,3013659,NA
Mauritania,MRT,2007,86.06406,6002.7783,3093065,NA
Mauritania,MRT,2008,94.12021,5813.356,3183276,NA
Mauritania,MRT,2009,82.00862,5639.7876,3284454,NA
Mauritania,MRT,2010,93.420746,5605.7637,3390968,NA
Mauritania,MRT,2011,98.48533,5653.2173,3502813,NA
Mauritania,MRT,2012,110.788124,5716.252,3619035,NA
Mauritania,MRT,2013,102.39883,5769.7285,3734324,NA
Mauritania,MRT,2014,91.610374,5837.852,3848511,NA
Mauritania,MRT,2015,77.34679,5969.5425,3965959,NA
Mauritania,MRT,2016,73.15326,5866.2812,4086655,NA
Mauritania,MRT,2017,78.81498,6050.6216,4210603,NA
Mauritania,MRT,2018,89.14673,6153.6377,4337685,NA
Mauritania,MRT,2019,93.486694,6162.2104,4467714,NA
Mauritius,MUS,2000,120.68765,13481.754,1216632,NA
Mauritius,MUS,2001,128.05458,13823.417,1225807,NA
Mauritius,MUS,2002,118.23047,13949.475,1234090,NA
Mauritius,MUS,2003,108.65558,14669.5,1242094,NA
Mauritius,MUS,2004,107.027695,15209.017,1249799,NA
Mauritius,MUS,2005,121.60874,15387.98,1257215,20.36848
Mauritius,MUS,2006,124.78228,16061.603,1263785,21.082273
Mauritius,MUS,2007,118.62406,16904.275,1269522,24.138374
Mauritius,MUS,2008,113.49266,17750.594,1274635,23.584187
Mauritius,MUS,2009,102.45802,18290.406,1278976,22.653858
Mauritius,MUS,2010,111.5082,19045.654,1282710,23.020092000000002
Mauritius,MUS,2011,115.552475,19790.53,1286270,24.713362
Mauritius,MUS,2012,117.44764,20425.707,1289174,26.562243
Mauritius,MUS,2013,136.55212,21061.03,1290988,26.731441
Mauritius,MUS,2014,135.09906,21827.48,1292006,27.703188
Mauritius,MUS,2015,133.13507,22603.088,1292283,27.607687
Mauritius,MUS,2016,126.310005,23460.002,1291807,29.765959
Mauritius,MUS,2017,126.96406,24361.875,1290654,29.763557
Mauritius,MUS,2018,123.53899,25324.178,1288836,29.84823
Mauritius,MUS,2019,127.9409,26047.975,1286269,28.885317
Mexico,MEX,2000,49.910408,20470.494,98625553,26.073776
Mexico,MEX,2001,44.74011,20078.219,100099101,26.069979
Mexico,MEX,2002,45.209827,19744.793,101548627,26.034855
Mexico,MEX,2003,48.700417,19701.463,102978517,25.993427
Mexico,MEX,2004,52.04062,20127.225,104394131,26.047571
Mexico,MEX,2005,52.562645,20277.256,105811504,27.390198
Mexico,MEX,2006,54.482117,20965.826,107253666,28.013113
Mexico,MEX,2007,55.258526,21102.27,108774356,28.461563
Mexico,MEX,2008,56.36528,20992.56,110374286,28.430962
Mexico,MEX,2009,54.591743,19385.543,111999720,27.328846
Mexico,MEX,2010,59.273384,20058.385,113623898,29.012064
Mexico,MEX,2011,62.162388,20457.6,115243503,31.397432
Mexico,MEX,2012,64.257935,20898.936,116818208,32.14362
Mexico,MEX,2013,62.691673,20805.348,118343572,31.198391
Mexico,MEX,2014,64.09841,21069.766,119784265,31.423548
Mexico,MEX,2015,70.41297,21408.928,121072310,30.936192
Mexico,MEX,2016,75.6903,21578.264,122251344,31.305912
Mexico,MEX,2017,76.952126,21777.523,123400052,31.016174
Mexico,MEX,2018,80.21266,21997.773,124573713,30.216253
Mexico,MEX,2019,77.461975,21704.186,125762978,28.918913
Micronesia (country),FSM,2000,91.89221,3555.4995,112067,NA
Micronesia (country),FSM,2001,97.29778,3609.8726,112378,NA
Micronesia (country),FSM,2002,91.729866,3623.1963,112464,NA
Micronesia (country),FSM,2003,96.700615,3692.4172,112298,NA
Micronesia (country),FSM,2004,95.52594,3586.1125,111939,NA
Micronesia (country),FSM,2005,94.34536,3685.9944,111420,NA
Micronesia (country),FSM,2006,97.35158,3701.3508,110739,NA
Micronesia (country),FSM,2007,100.78915,3665.6575,109896,NA
Micronesia (country),FSM,2008,111.186554,3601.9004,108947,NA
Micronesia (country),FSM,2009,111.04857,3674.4883,107968,NA
Micronesia (country),FSM,2010,108.03786,3764.953,107559,NA
Micronesia (country),FSM,2011,108.539986,3901.6758,107712,NA
Micronesia (country),FSM,2012,113.05978,3828.747,107908,NA
Micronesia (country),FSM,2013,114.76667,3680.1064,108133,NA
Micronesia (country),FSM,2014,107.645355,3575.8508,108407,NA
Micronesia (country),FSM,2015,107.68113,3723.399,108727,NA
Micronesia (country),FSM,2016,102.76923,3746.1301,109088,NA
Micronesia (country),FSM,2017,103.34262,3813.4421,109495,NA
Micronesia (country),FSM,2018,103.57143,3798.592,109925,NA
Micronesia (country),FSM,2019,95.68528,3940.2644,110293,NA
Moldova,MDA,2000,126.1631,5727.079,4234969,NA
Moldova,MDA,2001,124.50074,6090.0347,4189769,NA
Moldova,MDA,2002,129.83952,6580.2783,4142937,NA
Moldova,MDA,2003,140.05653,7034.358,4095418,NA
Moldova,MDA,2004,132.69907,7573.6177,4046672,NA
Moldova,MDA,2005,143.02357,8161.4736,3988668,6.8527308
Moldova,MDA,2006,137.15477,8577.028,3921320,7.8099375
Moldova,MDA,2007,142.72054,8854.834,3851397,8.247938
Moldova,MDA,2008,134.4216,9563.698,3779503,8.860954
Moldova,MDA,2009,110.36333,9001.234,3706212,9.066445
Moldova,MDA,2010,87.93785,9649.951,3631990,10.221066
Moldova,MDA,2011,98.6176,10217.309,3557278,11.586481
Moldova,MDA,2012,96.30641,10158.386,3482629,13.329729
Moldova,MDA,2013,95.687294,11080.063,3408741,14.020249
Moldova,MDA,2014,94.228294,11641.121,3342715,14.688044
Moldova,MDA,2015,88.966415,11691.08,3287168,15.643499
Moldova,MDA,2016,89.004684,12377.366,3237798,17.882277
Moldova,MDA,2017,88.62339,13118.822,3193500,20.148935
Moldova,MDA,2018,87.446785,13895.504,3153779,19.875763
Moldova,MDA,2019,87.63224,14621.24,3112561,21.638363
Mongolia,MNG,2000,121.88661,5818.243,2455182,NA
Mongolia,MNG,2001,115.81833,5917.071,2477704,NA
Mongolia,MNG,2002,118.51725,6117.9824,2500074,NA
Mongolia,MNG,2003,120.29939,6463.7896,2521809,NA
Mongolia,MNG,2004,131.32932,7070.667,2542801,NA
Mongolia,MNG,2005,122.38146,7499.848,2563466,NA
Mongolia,MNG,2006,112.929985,8043.9966,2584761,NA
Mongolia,MNG,2007,117.880424,8750.134,2607976,NA
Mongolia,MNG,2008,121.19801,9379.8545,2634431,NA
Mongolia,MNG,2009,107.81376,9095.977,2665333,NA
Mongolia,MNG,2010,103.35003,9507.119,2701739,NA
Mongolia,MNG,2011,126.99923,10960.096,2745183,NA
Mongolia,MNG,2012,109.58856,12078.919,2795463,NA
Mongolia,MNG,2013,100.31199,13210.095,2851887,NA
Mongolia,MNG,2014,109.32231,13943.428,2913041,NA
Mongolia,MNG,2015,89.65366,13974.597,2976528,NA
Mongolia,MNG,2016,101.05524,13898.1455,3040815,NA
Mongolia,MNG,2017,115.9329,14401.537,3104371,NA
Mongolia,MNG,2018,126.35587,15230.241,3167714,NA
Mongolia,MNG,2019,124.396515,15790.696,3232118,NA
Montenegro,MNE,2000,87.9252,13751.328,634198,NA
Montenegro,MNE,2001,100.409386,13846.744,634001,NA
Montenegro,MNE,2002,95.2294,14053.943,633767,NA
Montenegro,MNE,2003,77.59839,14345.48,633563,NA
Montenegro,MNE,2004,100.10966,14953.895,633756,NA
Montenegro,MNE,2005,104.62514,15556.028,634059,NA
Montenegro,MNE,2006,118.17713,16867.643,633876,NA
Montenegro,MNE,2007,128.84421,18046.639,633388,NA
Montenegro,MNE,2008,132.48055,19257.396,632855,NA
Montenegro,MNE,2009,99.82558,18064.227,632445,NA
Montenegro,MNE,2010,98.8685,18531.629,632088,NA
Montenegro,MNE,2011,106.75273,19135.19,632689,NA
Montenegro,MNE,2012,108.77999,18627.016,633546,NA
Montenegro,MNE,2013,103.785965,19221.592,633199,NA
Montenegro,MNE,2014,100.43843,19640.703,631377,NA
Montenegro,MNE,2015,104.12511,20107.012,628145,NA
Montenegro,MNE,2016,104.135956,20775.205,624246,NA
Montenegro,MNE,2017,106.711365,21421.932,620112,NA
Montenegro,MNE,2018,111.09894,22419.482,615798,NA
Montenegro,MNE,2019,110.01612,23392.812,611671,NA
Morocco,MAR,2000,53.440308,5100.1157,28423439,NA
Morocco,MAR,2001,53.49157,5417.5786,28814646,NA
Morocco,MAR,2002,54.310127,5544.072,29198146,NA
Morocco,MAR,2003,52.33186,5810.053,29571415,NA
Morocco,MAR,2004,55.55164,5996.39,29953021,NA
Morocco,MAR,2005,61.493828,6103.4224,30358145,7.150038
Morocco,MAR,2006,64.672195,6488.674,30771179,7.7937884
Morocco,MAR,2007,71.34965,6620.5903,31186468,8.073293
Morocco,MAR,2008,77.83447,6901.9507,31606769,9.108657
Morocco,MAR,2009,62.370956,7063.727,32030779,9.972326
Morocco,MAR,2010,69.54198,7210.6367,32467009,10.60928
Morocco,MAR,2011,76.825874,7503.793,32912585,11.925246
Morocco,MAR,2012,78.2221,7628.644,33355246,12.372047
Morocco,MAR,2013,73.85776,7839.032,33787573,12.395133
Morocco,MAR,2014,71.89357,7951.7983,34204784,11.73531
Morocco,MAR,2015,67.28867,8198.809,34607590,12.878377
Morocco,MAR,2016,71.12266,8141.9404,35023459,13.098397
Morocco,MAR,2017,74.173355,8450.009,35446395,13.432071
Morocco,MAR,2018,77.25489,8611.75,35839760,12.324719
Morocco,MAR,2019,75.998116,8768.176,36210907,12.578258
Mozambique,MOZ,2000,47.92088,711.9764,18129652,NA
Mozambique,MOZ,2001,50.41531,785.79016,18537735,NA
Mozambique,MOZ,2002,73.309166,842.64526,18958338,NA
Mozambique,MOZ,2003,70.16836,883.23914,19392477,NA
Mozambique,MOZ,2004,72.052,934.134,19840312,NA
Mozambique,MOZ,2005,72.00926,970.38995,20304577,2.5479002
Mozambique,MOZ,2006,67.3499,1041.8047,20787088,2.553476
Mozambique,MOZ,2007,66.120384,1095.1257,21287638,2.5811098
Mozambique,MOZ,2008,64.981415,1141.9425,21819037,2.5859814
Mozambique,MOZ,2009,67.898575,1178.7091,22391751,2.5718644
Mozambique,MOZ,2010,73.83736,1224.2302,22999234,2.5827277
Mozambique,MOZ,2011,84.40621,1275.5295,23649045,2.4873762
Mozambique,MOZ,2012,105.934586,1338.516,24337849,2.5439065
Mozambique,MOZ,2013,109.385376,1385.8325,25051613,2.557285
Mozambique,MOZ,2014,116.35686,1449.9293,25788473,2.7052867
Mozambique,MOZ,2015,98.7612,1512.5997,26547576,2.8142667
Mozambique,MOZ,2016,110.394356,1537.9086,27337107,2.98918
Mozambique,MOZ,2017,105.74564,1532.0073,28166397,2.6371226
Mozambique,MOZ,2018,124.60746,1538.8351,29018647,2.64263
Mozambique,MOZ,2019,105.59117,1528.8899,29884378,2.8590019
Namibia,NAM,2000,85.13225,7858.3877,1818650,NA
Namibia,NAM,2001,88.5841,7786.5415,1857059,NA
Namibia,NAM,2002,94.41522,8017.2812,1889976,NA
Namibia,NAM,2003,95.95248,8237.366,1917469,NA
Namibia,NAM,2004,81.86226,9130.824,1942087,NA
Namibia,NAM,2005,80.68038,9245.137,1966581,16.33499
Namibia,NAM,2006,86.83397,9773.298,1991890,17.220106
Namibia,NAM,2007,104.9793,10162.24,2018607,17.123768
Namibia,NAM,2008,119.6445,10286.513,2047059,18.362425000000002
Namibia,NAM,2009,123.76285,10166.29,2077400,17.424112
Namibia,NAM,2010,108.07248,10614.62,2109815,18.115673
Namibia,NAM,2011,102.18915,10965.273,2146331,19.354979
Namibia,NAM,2012,100.21341,11266.609,2194656,20.643661
Namibia,NAM,2013,97.72491,11593.575,2252505,18.74755
Namibia,NAM,2014,103.08014,11982.696,2312143,17.553862
Namibia,NAM,2015,97.23903,12166.565,2374305,17.95607
Namibia,NAM,2016,93.96619,11846.788,2439219,17.7844
Namibia,NAM,2017,81.219666,11408.726,2506854,17.125929
Namibia,NAM,2018,81.71387,11214.386,2577327,16.127115
Namibia,NAM,2019,82.90115,10813.305,2650499,15.668636
Nauru,NRU,2008,164.28572,7339.5786,10032,NA
Nauru,NRU,2009,145,6926.98,10041,NA
Nauru,NRU,2010,100,6908.357,10067,NA
Nauru,NRU,2011,130.30302,7881.1313,10116,NA
Nauru,NRU,2012,120.408165,9639.566,10289,NA
Nauru,NRU,2013,179.34782,9798.482,10539,NA
Nauru,NRU,2014,197.22223,11112.968,10766,NA
Nauru,NRU,2015,200,11270.468,10975,NA
Nauru,NRU,2016,170.14925,11529.886,11173,NA
Nauru,NRU,2017,142.06897,10631.914,11351,NA
Nauru,NRU,2018,140.64006,10401.28,11499,NA
Nauru,NRU,2019,155.9067,11183.096,11609,NA
Nepal,NPL,2000,55.71059,2340.8157,24546509,NA
Nepal,NPL,2001,55.799923,2413.8142,24946755,NA
Nepal,NPL,2002,46.230717,2380.2441,25328989,NA
Nepal,NPL,2003,44.247883,2439.4949,25688762,NA
Nepal,NPL,2004,46.147285,2521.541,26016652,NA
Nepal,NPL,2005,44.062946,2580.231,26309462,NA
Nepal,NPL,2006,44.76199,2641.348,26565430,NA
Nepal,NPL,2007,44.579273,2708.7144,26788498,NA
Nepal,NPL,2008,46.036205,2852.6099,26990036,NA
Nepal,NPL,2009,47.07945,2961.839,27173035,NA
Nepal,NPL,2010,45.984905,3085.314,27341955,NA
Nepal,NPL,2011,36.29676,3176.6504,27464499,NA
Nepal,NPL,2012,37.921906,3316.5007,27534916,NA
Nepal,NPL,2013,41.865376,3426.5579,27589997,NA
Nepal,NPL,2014,45.982643,3621.7317,27672373,NA
Nepal,NPL,2015,46.66573,3745.2617,27823631,NA
Nepal,NPL,2016,42.115486,3743.7446,27955471,NA
Nepal,NPL,2017,44.64241,4071.7043,28011258,NA
Nepal,NPL,2018,48.447388,4371.3857,28079688,NA
Nepal,NPL,2019,49.249527,4607.5244,28414066,NA
Netherlands,NLD,2000,125.66703,56016.87,16058757,64.15681
Netherlands,NLD,2001,119.475464,56887.434,16182705,64.725914
Netherlands,NLD,2002,112.75002,56664.414,16288060,66.04698
Netherlands,NLD,2003,111.304504,56452.867,16366914,66.09687
Netherlands,NLD,2004,116.95816,57391.363,16425562,67.085365
Netherlands,NLD,2005,122.25585,58422.01,16465707,74.41985
Netherlands,NLD,2006,127.19561,60391.543,16493851,74.940025
Netherlands,NLD,2007,129.79825,62601.62,16531360,78.380264
Netherlands,NLD,2008,130.15205,63678.402,16597259,80.50815
Netherlands,NLD,2009,115.10966,61029.73,16684148,75.74544
Netherlands,NLD,2010,130.08171,61518.555,16771232,75.864944
Netherlands,NLD,2011,141.7571,62318.14,16851061,77.60005
Netherlands,NLD,2012,149.39322,61480.812,16915191,80.06575
Netherlands,NLD,2013,150.65186,61281.29,16967066,84.159065
Netherlands,NLD,2014,151.7159,62045.855,17030085,80.099396
Netherlands,NLD,2015,160.3258,63081.395,17107429,78.839066
Netherlands,NLD,2016,150.96553,64267.74,17204693,77.276436
Netherlands,NLD,2017,159.64606,65666,17315376,79.27648
Netherlands,NLD,2018,163.55914,66758.266,17421285,78.56831
Netherlands,NLD,2019,160.67667,67847.85,17537505,80.06904
New Caledonia,NCL,2000,60.366722,NA,223110,NA
New Caledonia,NCL,2001,58.184353,NA,227714,NA
New Caledonia,NCL,2002,56.133003,NA,232239,NA
New Caledonia,NCL,2003,61.888035,NA,236684,NA
New Caledonia,NCL,2004,58.581337,NA,240865,NA
New Caledonia,NCL,2005,61.910328,NA,244391,NA
New Caledonia,NCL,2006,68.020515,NA,247557,NA
New Caledonia,NCL,2007,72.174385,NA,250730,NA
New Caledonia,NCL,2008,67.91748,NA,253831,NA
New Caledonia,NCL,2009,56.077156,NA,257261,NA
New Caledonia,NCL,2010,68.16848,NA,261580,NA
New Caledonia,NCL,2011,66.84452,NA,266550,NA
New Caledonia,NCL,2012,63.75339,NA,271640,NA
New Caledonia,NCL,2013,58.872345,NA,276832,NA
New Caledonia,NCL,2014,58.957798,NA,281233,NA
New Caledonia,NCL,2015,60.046795,NA,283179,NA
New Caledonia,NCL,2016,58.029617,NA,283432,NA
New Caledonia,NCL,2017,58.928185,NA,283554,NA
New Caledonia,NCL,2018,59.097084,NA,283551,NA
New Caledonia,NCL,2019,58.210365,NA,283616,NA
New Zealand,NZL,2000,68.51693,35879.793,3857576,39.762474
New Zealand,NZL,2001,67.233826,36885.645,3891763,40.284393
New Zealand,NZL,2002,62.655994,37959.066,3951116,40.308136
New Zealand,NZL,2003,57.91477,38976.914,4022585,40.570053
New Zealand,NZL,2004,58.799553,39971.77,4083912,39.08948
New Zealand,NZL,2005,58.01874,40848.297,4135002,39.871586
New Zealand,NZL,2006,59.603264,41475.12,4181943,39.94826
New Zealand,NZL,2007,58.42516,42346.09,4223270,42.53505
New Zealand,NZL,2008,64.26115,41561.184,4261819,43.12726
New Zealand,NZL,2009,55.01435,41132.336,4304304,44.897064
New Zealand,NZL,2010,58.10474,41270.93,4347766,46.059715
New Zealand,NZL,2011,59.17241,41814.887,4382699,47.96772
New Zealand,NZL,2012,56.908768,42570.332,4411682,49.034885
New Zealand,NZL,2013,55.986126,43338.438,4453857,48.368034
New Zealand,NZL,2014,55.098656,44255.504,4522976,48.18502
New Zealand,NZL,2015,54.851334,44963.832,4614035,47.73539
New Zealand,NZL,2016,52.406246,45626.684,4714768,49.38363
New Zealand,NZL,2017,54.143295,46193.29,4812749,48.96968
New Zealand,NZL,2018,55.766483,46947.938,4900840,47.848465
New Zealand,NZL,2019,54.454296,47362.32,4989410,49.53717
Nicaragua,NIC,2000,61.298496,4878.2476,5022636,NA
Nicaragua,NIC,2001,57.980133,4958.3276,5087827,NA
Nicaragua,NIC,2002,58.091286,4935.4854,5149914,NA
Nicaragua,NIC,2003,62.175064,5000.612,5210970,NA
Nicaragua,NIC,2004,67.19532,5204.382,5272909,NA
Nicaragua,NIC,2005,71.64572,5356.9585,5342108,NA
Nicaragua,NIC,2006,87.30967,5500.406,5418857,NA
Nicaragua,NIC,2007,93.025734,5697.211,5497247,NA
Nicaragua,NIC,2008,96.79398,5809.0996,5576597,NA
Nicaragua,NIC,2009,86.993614,5538.3657,5656602,NA
Nicaragua,NIC,2010,100.36406,5701.128,5737451,NA
Nicaragua,NIC,2011,111.82745,5976.253,5819051,NA
Nicaragua,NIC,2012,115.17729,6275.7876,5901290,NA
Nicaragua,NIC,2013,110.98421,6494.1494,5983852,NA
Nicaragua,NIC,2014,106.6982,6712.2173,6066493,NA
Nicaragua,NIC,2015,98.19417,6939.0327,6149417,NA
Nicaragua,NIC,2016,93.81373,7158.758,6232664,NA
Nicaragua,NIC,2017,96.380585,7391.197,6316235,NA
Nicaragua,NIC,2018,93.98474,7049.0273,6400074,NA
Nicaragua,NIC,2019,94.04221,6756.5938,6483660,NA
Niger,NER,2000,34.71278,1190.5668,11509634,NA
Niger,NER,2001,33.013668,1233.0651,11920648,NA
Niger,NER,2002,30.834385,1248.8231,12349150,NA
Niger,NER,2003,33.382793,1231.2781,12796979,NA
Niger,NER,2004,36.964104,1192.0824,13265843,NA
Niger,NER,2005,38.34774,1233.8755,13756192,1.37118
Niger,NER,2006,36.531372,1260.1205,14268583,1.3939321
Niger,NER,2007,35.502804,1252.7483,14803604,1.3308632
Niger,NER,2008,39.711243,1300.5542,15361921,1.382979
Niger,NER,2009,49.512257,1277.6923,15943673,1.3958557
Niger,NER,2010,51.945988,1336.5641,16548833,1.5351752
Niger,NER,2011,50.246395,1318.1013,17176286,1.4667486
Niger,NER,2012,45.085964,1403.1897,17836770,1.6126615
Niger,NER,2013,46.29515,1423.2617,18519899,1.5923302
Niger,NER,2014,45.7416,1462.8213,19215917,1.6598982
Niger,NER,2015,44.727432,1471.6614,19939496,1.6848508
Niger,NER,2016,36.48811,1500.0085,20685758,1.6416756
Niger,NER,2017,39.071114,1520.0016,21435449,1.6035225
Niger,NER,2018,37.53885,1574.3384,22188074,1.701526
Niger,NER,2019,37.102566,1612.6373,22947765,1.8506708
North Macedonia,MKD,2000,80.16015,11406.856,2057254,NA
North Macedonia,MKD,2001,71.47821,11010.618,2066300,NA
North Macedonia,MKD,2002,71.533485,11256.536,2074482,NA
North Macedonia,MKD,2003,71.06932,11492.115,2081417,NA
North Macedonia,MKD,2004,80.87048,12068.28,2086581,NA
North Macedonia,MKD,2005,85.841,12706.815,2089809,16.79049
North Macedonia,MKD,2006,92.55167,13433.544,2089232,16.676697
North Macedonia,MKD,2007,106.092964,14385.061,2081972,17.376652
North Macedonia,MKD,2008,111.57005,15260.252,2070837,17.886063
North Macedonia,MKD,2009,87.17675,15304.198,2060601,18.31619
North Macedonia,MKD,2010,97.881065,15919.69,2051510,18.952724
North Macedonia,MKD,2011,113.19191,16367.035,2040445,19.309101
North Macedonia,MKD,2012,112.214836,16356.34,2027288,19.837013
North Macedonia,MKD,2013,104.85723,16897.016,2013280,18.368652
North Macedonia,MKD,2014,112.537926,17557.338,1997842,19.063683
North Macedonia,MKD,2015,113.69844,18283.209,1980366,19.550163
North Macedonia,MKD,2016,116.18541,18864.291,1961268,20.43577
North Macedonia,MKD,2017,124.13728,19145.25,1940877,19.862648
North Macedonia,MKD,2018,133.21521,19796.906,1919730,21.11118
North Macedonia,MKD,2019,138.57623,20711.266,1897643,22.610058
Northern Mariana Islands,MNP,2002,151.94704,NA,66800,NA
Northern Mariana Islands,MNP,2003,152.7038,NA,65438,NA
Northern Mariana Islands,MNP,2004,178.09917,NA,63948,NA
Northern Mariana Islands,MNP,2005,174.5523,NA,62372,NA
Northern Mariana Islands,MNP,2006,159.69698,NA,60688,NA
Northern Mariana Islands,MNP,2007,128.57143,NA,58960,NA
Northern Mariana Islands,MNP,2008,100.85197,NA,57163,NA
Northern Mariana Islands,MNP,2009,84.528305,NA,55346,NA
Northern Mariana Islands,MNP,2010,92.61577,NA,54110,NA
Northern Mariana Islands,MNP,2011,105.07545,NA,53633,NA
Northern Mariana Islands,MNP,2012,114.87936,NA,53251,NA
Northern Mariana Islands,MNP,2013,120.07772,NA,52777,NA
Northern Mariana Islands,MNP,2014,119.83173,NA,52199,NA
Northern Mariana Islands,MNP,2015,122.74725,NA,51538,NA
Northern Mariana Islands,MNP,2016,152.84554,NA,50795,NA
Northern Mariana Islands,MNP,2017,131.41026,NA,49981,NA
Northern Mariana Islands,MNP,2018,108.76249,NA,49098,NA
Northern Mariana Islands,MNP,2019,104.74979,NA,48154,NA
Norway,NOR,2000,74.312515,77587.21,4490864,86.45562
Norway,NOR,2001,73.1583,78791.305,4513650,89.87476
Norway,NOR,2002,67.51701,79447.09,4538016,87.4635
Norway,NOR,2003,66.32075,79728.78,4564666,96.69387
Norway,NOR,2004,68.67195,82440.95,4591739,101.531715
Norway,NOR,2005,70.46945,84080,4623120,121.69694
Norway,NOR,2006,71.65993,85458.55,4660487,127.66553
Norway,NOR,2007,71.942024,87043.5,4709017,124.69369
Norway,NOR,2008,74.78528,86379.664,4768097,136.97458
Norway,NOR,2009,67.46432,83642.07,4828625,117.941505
Norway,NOR,2010,68.23952,83256.79,4889160,127.650276
Norway,NOR,2011,69.59873,83092.44,4952969,138.58154
Norway,NOR,2012,68.49855,84237.15,5018453,144.20383
Norway,NOR,2013,67.97279,84070.46,5080126,140.1491
Norway,NOR,2014,69.137375,84830.26,5137397,130.8378
Norway,NOR,2015,70.431854,85550.3,5189777,109.79524
Norway,NOR,2016,69.116844,85787.62,5235974,105.36408
Norway,NOR,2017,69.10878,87194.11,5276807,109.77859
Norway,NOR,2018,70.0032,87338.47,5311751,118.73758
Norway,NOR,2019,70.89582,87725.73,5347733,119.48063
Oman,OMN,2000,81.413284,42086.043,2282139,NA
Oman,OMN,2001,84.527,43492.285,2310223,NA
Oman,OMN,2002,83.65375,42654.15,2337144,NA
Oman,OMN,2003,84.846634,41247.586,2363801,NA
Oman,OMN,2004,88.611305,41351.77,2404822,NA
Oman,OMN,2005,86.7613,41551.14,2459808,56.479668
Oman,OMN,2006,86.145706,42540.44,2514794,68.78765
Oman,OMN,2007,94.86579,43696.97,2570175,76.12845
Oman,OMN,2008,94.7619,46586.395,2626536,90.05447
Oman,OMN,2009,91.62794,48304.117,2684665,80.665245
Oman,OMN,2010,96.38655,48191.613,2757450,75.8081
Oman,OMN,2011,101.64173,44440.31,3076762,65.66861
Oman,OMN,2012,102.07476,41964.082,3547104,50.056473
Oman,OMN,2013,112.54352,40854.484,3833915,43.666145
Oman,OMN,2014,102.278725,39639.99,4002444,38.273422
Oman,OMN,2015,96.37758,39813.79,4184898,30.182404
Oman,OMN,2016,82.864265,39860.99,4390880,26.717115
Oman,OMN,2017,88.95315,38691.11,4537397,25.003212
Oman,OMN,2018,89.27922,38673.605,4597878,26.005796
Oman,OMN,2019,86.4782,38292.387,4591248,27.405403
Pakistan,PAK,2000,21.459965,3531.713,154879124,6.173437
Pakistan,PAK,2001,23.577208,3559.7278,159270910,6.0656414
Pakistan,PAK,2002,23.129017,3563.6785,163222552,5.9942136
Pakistan,PAK,2003,24.650158,3668.7793,167110250,6.087484
Pakistan,PAK,2004,24.808334,3859.646,171285999,6.425473
Pakistan,PAK,2005,29.878494,4042.1545,175453212,6.626931
Pakistan,PAK,2006,33.04972,4185.8667,179682690,6.8191605
Pakistan,PAK,2007,30.787882,4257.926,184493231,7.07452
Pakistan,PAK,2008,34.34896,4233.348,189499112,7.250088
Pakistan,PAK,2009,33.32689,4270.439,194376535,7.320781
Pakistan,PAK,2010,31.989002,4228.7817,199239048,7.1895204
Pakistan,PAK,2011,32.362637,4246.067,203746069,7.55998
Pakistan,PAK,2012,31.318974,4292.021,207667129,7.9375367
Pakistan,PAK,2013,30.890274,4407.147,211073979,7.8781085
Pakistan,PAK,2014,29.469826,4520.235,214264649,7.8384743
Pakistan,PAK,2015,26.688187,4645.286,217290884,8.195202
Pakistan,PAK,2016,24.701578,4886.6123,220138863,8.203588
Pakistan,PAK,2017,25.472034,5031.5605,223273974,8.348655
Pakistan,PAK,2018,27.626057,5255.0635,226928893,8.396404
Pakistan,PAK,2019,28.905577,5295.953,230800908,8.802918
Palau,PLW,2005,118.68421,17507.436,19837,NA
Palau,PLW,2006,126.26584,17749.773,19616,NA
Palau,PLW,2007,114.78653,18255.67,19324,NA
Palau,PLW,2008,126.28311,17574.074,19031,NA
Palau,PLW,2009,111.73768,16688.723,18736,NA
Palau,PLW,2010,120.65868,16524.043,18420,NA
Palau,PLW,2011,135.59993,17670.914,18099,NA
Palau,PLW,2012,143.64119,18279.889,17791,NA
Palau,PLW,2013,142.19464,17931.432,17670,NA
Palau,PLW,2014,145.70207,18786.834,17740,NA
Palau,PLW,2015,126.49548,20212.018,17791,NA
Palau,PLW,2016,118.02027,20449.13,17824,NA
Palau,PLW,2017,121.74175,19821.098,17838,NA
Palau,PLW,2018,117.86602,19572.344,17843,NA
Palau,PLW,2019,115.461975,19519.018,17821,NA
Palestine,PSE,2000,87.63909,4520.89,3151800,NA
Palestine,PSE,2001,82.725975,3996.5088,3242286,NA
Palestine,PSE,2002,76.252884,3409.1729,3322369,NA
Palestine,PSE,2003,76.39869,3788.9265,3398071,NA
Palestine,PSE,2004,81.12359,4503.0806,3475178,NA
Palestine,PSE,2005,83.83636,4885.0728,3557406,NA
Palestine,PSE,2006,82.637474,4714.3735,3645096,NA
Palestine,PSE,2007,91.999245,4769.5234,3736694,NA
Palestine,PSE,2008,79.47992,4984.8057,3829039,NA
Palestine,PSE,2009,75.15119,5270.663,3921245,NA
Palestine,PSE,2010,68.49765,5432.2437,4016918,NA
Palestine,PSE,2011,67.249535,5805.3213,4115912,NA
Palestine,PSE,2012,66.92933,6009.1094,4215318,NA
Palestine,PSE,2013,66.27132,6142.202,4315263,NA
Palestine,PSE,2014,67.73984,5990.427,4415887,NA
Palestine,PSE,2015,70.78097,6072.6504,4521564,NA
Palestine,PSE,2016,65.422516,6464.1333,4632743,NA
Palestine,PSE,2017,68.44866,6426.7954,4742747,NA
Palestine,PSE,2018,71.401276,6342.9375,4850593,NA
Palestine,PSE,2019,68.99349,6269.891,4957773,NA
Panama,PAN,2000,139.19794,14572.976,3010376,NA
Panama,PAN,2001,135.58435,14427.83,3069545,NA
Panama,PAN,2002,126.02448,14507.144,3129343,NA
Panama,PAN,2003,117.26748,14957.554,3189813,NA
Panama,PAN,2004,124.76176,15875.112,3251158,NA
Panama,PAN,2005,139.21117,16867.96,3313024,NA
Panama,PAN,2006,141.47256,18190.273,3375024,NA
Panama,PAN,2007,148.6656,20208.822,3437490,NA
Panama,PAN,2008,164.58629,21867.818,3500646,NA
Panama,PAN,2009,137.04602,21822.988,3564383,NA
Panama,PAN,2010,145.44872,22739.111,3628537,NA
Panama,PAN,2011,158.20839,24999.46,3693509,NA
Panama,PAN,2012,153.20862,26926.885,3759261,NA
Panama,PAN,2013,133.07156,28135.328,3825333,NA
Panama,PAN,2014,114.970604,28931.805,3892100,NA
Panama,PAN,2015,96.579155,29933.156,3960034,NA
Panama,PAN,2016,84.39597,30765.236,4029085,NA
Panama,PAN,2017,84.04754,31979.812,4098704,NA
Panama,PAN,2018,86.13096,32681.447,4167860,NA
Panama,PAN,2019,80.42865,33163.727,4234698,NA
Papua New Guinea,PNG,2000,115.42184,3326.7986,5537068,NA
Papua New Guinea,PNG,2001,117.58037,3211.7593,5728444,NA
Papua New Guinea,PNG,2002,118.91911,3100.7952,5924010,NA
Papua New Guinea,PNG,2003,123.449066,3064.444,6124005,NA
Papua New Guinea,PNG,2004,131.08292,3046.333,6328042,NA
Paraguay,PRY,2000,78.64473,9998.593,5100875,NA
Paraguay,PRY,2001,72.6057,9749.259,5187690,NA
Paraguay,PRY,2002,79.44157,9610.748,5261334,NA
Paraguay,PRY,2003,81.127365,9903.45,5326437,NA
Paraguay,PRY,2004,80.10445,10187.194,5388181,NA
Paraguay,PRY,2005,85.021965,10290.101,5448100,9.919018
Paraguay,PRY,2006,84.73353,10672.993,5505145,10.796713
Paraguay,PRY,2007,79.00114,11141.87,5559385,11.244276
Paraguay,PRY,2008,80.77757,11751.14,5613577,11.758552
Paraguay,PRY,2009,70.84198,11601.285,5671243,13.0025
Paraguay,PRY,2010,81.25752,12738.576,5737973,14.578952
Paraguay,PRY,2011,78.49213,13109.467,5814632,15.213669
Paraguay,PRY,2012,74.76496,12834.802,5897011,15.234311
Paraguay,PRY,2013,73.36987,13700.703,5982447,15.300111
Paraguay,PRY,2014,69.083725,14219.3545,6069819,16.386135
Paraguay,PRY,2015,66.91506,14427.601,6159106,16.187628
Paraguay,PRY,2016,67.759315,14826.664,6249129,16.410866
Paraguay,PRY,2017,71.08013,15320.337,6338658,16.900024
Paraguay,PRY,2018,72.06922,15592.984,6427382,16.705393
Paraguay,PRY,2019,71.22216,15321.324,6515059,17.024054
Peru,PER,2000,35.538033,7669.095,26598328,6.477955
Peru,PER,2001,35.0644,7611.6665,26964610,6.425067
Peru,PER,2002,35.24918,7931.5796,27288211,6.6918936
Peru,PER,2003,37.62461,8174.3794,27580485,6.9786434
Peru,PER,2004,41.936077,8495.986,27852190,7.3535624
Peru,PER,2005,47.35732,8949.954,28101175,7.94498
Peru,PER,2006,51.785057,9547.913,28324488,8.700643
Peru,PER,2007,55.688114,10286.3545,28530704,9.315853
Peru,PER,2008,58.43377,11151.53,28719038,9.95934
Peru,PER,2009,48.11193,11204.377,28896819,9.759119
Peru,PER,2010,51.67281,12059.018,29086021,10.7863865
Peru,PER,2011,55.98828,12726.6,29304083,11.569771
Peru,PER,2012,52.619896,13395.399,29550367,11.925358
Peru,PER,2013,49.787144,14052.138,29817908,11.891927
Peru,PER,2014,46.853123,14244.566,30115825,11.834383
Peru,PER,2015,45.16277,14542.793,30457598,11.635753
Peru,PER,2016,45.38884,14917.449,30866497,11.770601
Peru,PER,2017,47.51355,15069.522,31324639,11.9194565
Peru,PER,2018,48.63147,15386.26,31897590,12.165311
Peru,PER,2019,46.943504,15463.543,32449302,12.456921
Philippines,PHL,2000,85.153366,4740.439,79625401,6.570319
Philippines,PHL,2001,84.90039,4778.401,81401488,6.7721376
Philippines,PHL,2002,83.8448,4856.4995,83068889,6.5428967
Philippines,PHL,2003,87.574646,5003.3833,84731836,6.441856
Philippines,PHL,2004,87.12528,5229.4507,86394510,6.393925
Philippines,PHL,2005,83.84567,5386.8164,88015959,6.525258
Philippines,PHL,2006,80.85054,5578.5723,89508992,6.8115206
Philippines,PHL,2007,73.64498,5840.068,91075180,7.053
Philippines,PHL,2008,67.68107,5987.0376,92699091,7.422679
Philippines,PHL,2009,60.88659,5965.307,94384256,7.636603
Philippines,PHL,2010,66.10428,6273.039,96337127,8.172339
Philippines,PHL,2011,60.795837,6388.313,98248614,8.647334
Philippines,PHL,2012,57.842007,6697.556,100175511,9.18307
Philippines,PHL,2013,55.82478,7016.5386,102076334,9.266263
Philippines,PHL,2014,57.468174,7340.362,103767127,9.842418
Philippines,PHL,2015,59.141594,7691.763,105312988,10.158972
Philippines,PHL,2016,61.776066,8131.825,106735721,10.002002
Philippines,PHL,2017,68.16837,8584.136,108119691,10.907367
Philippines,PHL,2018,72.1634,9016.286,109465284,11.133027
Philippines,PHL,2019,68.84184,9452.294,110804685,11.624064
Poland,POL,2000,60.61072,18566.355,38258077,24.517946
Poland,POL,2001,57.878532,18800.602,38247359,25.234879
Poland,POL,2002,60.7968,19166.914,38229407,26.684952
Poland,POL,2003,69.21345,19855.63,38203527,26.752216
Poland,POL,2004,70.981575,20878.654,38167568,27.474195
Poland,POL,2005,70.31148,21568.947,38124377,27.993326
Poland,POL,2006,77.700806,22921.197,38071169,28.055231
Poland,POL,2007,80.7454,24484.066,38020420,29.449707
Poland,POL,2008,80.574684,25553.906,37995902,29.843773
Poland,POL,2009,74.9686,26204.41,38002153,31.879921
Poland,POL,2010,82.22585,27112.133,38095356,34.824844
Poland,POL,2011,86.92369,28521.662,38208644,38.053394
Poland,POL,2012,88.8299,28952.916,38247867,38.8872
Poland,POL,2013,90.41751,29168.625,38259267,38.311916
Poland,POL,2014,92.03402,30334.879,38265113,38.137146
Poland,POL,2015,92.255424,31700.37,38266314,39.3452
Poland,POL,2016,96.865906,32675.305,38263260,39.786877
Poland,POL,2017,100.565895,34354.598,38254964,41.354214
Poland,POL,2018,102.44246,36500.41,38241070,43.29682
Poland,POL,2019,101.58103,38181.62,38225884,45.805286
Portugal,PRT,2000,67.452995,35069.83,10283196,29.971905
Portugal,PRT,2001,65.09196,35500.227,10354329,30.061684
Portugal,PRT,2002,62.308258,35578.52,10413045,30.289019
Portugal,PRT,2003,61.138947,35115.38,10454246,30.17032
Portugal,PRT,2004,63.204594,35658.13,10481386,29.922253
Portugal,PRT,2005,62.944504,35870.31,10502993,33.0727
Portugal,PRT,2006,68.54705,36387.535,10524123,34.315254
Portugal,PRT,2007,69.94612,37226.47,10546822,35.542603
Portugal,PRT,2008,72.075745,37291.504,10564086,35.508617
Portugal,PRT,2009,61.492695,36092.812,10576265,36.603966
Portugal,PRT,2010,67.68924,36703.113,10578659,38.308334
Portugal,PRT,2011,73.007576,36127.297,10557050,39.790176
Portugal,PRT,2012,75.94111,34804.633,10513155,41.832973
Portugal,PRT,2013,78.0305,34651.773,10458287,40.915134
Portugal,PRT,2014,80.22067,35097.41,10406203,40.281155
Portugal,PRT,2015,80.634674,35803.36,10370264,40.512615
Portugal,PRT,2016,79.52235,36636.297,10346377,40.772865
Portugal,PRT,2017,84.80779,37943.113,10330838,40.64904
Portugal,PRT,2018,86.735695,39123.613,10325355,39.569237
Portugal,PRT,2019,86.77099,40188.285,10343218,41.922718
Puerto Rico,PRI,2000,106.16951,37298.547,3809868,NA
Puerto Rico,PRI,2001,109.88565,39568.555,3813009,NA
Puerto Rico,PRI,2002,106.32948,39879.73,3810715,NA
Puerto Rico,PRI,2003,118.84016,39876.066,3806043,NA
Puerto Rico,PRI,2004,117.00086,43355.824,3798659,NA
Puerto Rico,PRI,2005,113.7448,42555.707,3788412,NA
Puerto Rico,PRI,2006,117.72848,42133.97,3776220,NA
Puerto Rico,PRI,2007,117.59578,41888.625,3763089,NA
Puerto Rico,PRI,2008,116.27799,41358.07,3749130,NA
Puerto Rico,PRI,2009,105.26220000000001,40772.35,3735014,NA
Puerto Rico,PRI,2010,104.15323,40777.688,3714834,NA
Puerto Rico,PRI,2011,108.5584,40972.535,3683711,NA
Puerto Rico,PRI,2012,103.31119,41347.453,3646423,NA
Puerto Rico,PRI,2013,104.89224,41556.785,3606773,NA
Puerto Rico,PRI,2014,102.38546,41593.68,3565367,NA
Puerto Rico,PRI,2015,108.88063,41737.605,3521811,NA
Puerto Rico,PRI,2016,110.27405,41858.26,3476008,NA
Puerto Rico,PRI,2017,113.13165,41479.996,3371878,NA
Puerto Rico,PRI,2018,106.001205,41119.31,3290068,NA
Puerto Rico,PRI,2019,107.57146,41656.33,3288027,NA
Qatar,QAT,2000,89.61266,93186.97,644993,NA
Qatar,QAT,2001,94.96867,92115.734,677934,NA
Qatar,QAT,2002,88.46973,94111.59,711215,NA
Qatar,QAT,2003,90.16495,93224.36,744690,NA
Qatar,QAT,2004,90.37243,107023.58,773341,NA
Qatar,QAT,2005,94.745544,107784.414,825419,97.68764
Qatar,QAT,2006,98.57092,115383.63,972841,103.47386
Qatar,QAT,2007,96.114105,109579.68,1208601,94.00558
Qatar,QAT,2008,89.43284,109206.3,1426942,101.65281
Qatar,QAT,2009,80.144165,108435.75,1586052,76.889595
Qatar,QAT,2010,87.1112,129044.71,1709238,85.5458
Qatar,QAT,2011,98.721634,145590.77,1810960,116.069824
Qatar,QAT,2012,105.746284,143830.56,1907122,121.55469
Qatar,QAT,2013,102.383156,136453.94,2032650,110.197754
Qatar,QAT,2014,99.03432,128013.945,2218378,98.27652
Qatar,QAT,2015,93.70767,123070.82,2427340,63.075237
Qatar,QAT,2016,89.54762,120054.24,2599382,59.66038
Qatar,QAT,2017,91.49456,115064.836,2706716,64.43656
Qatar,QAT,2018,91.83834,114909.79,2761144,66.24572
Qatar,QAT,2019,90.046295,113160.836,2797927,68.41585
Romania,ROU,2000,48.521324,14133.272,22046264,10.2608795
Romania,ROU,2001,51.928593,15079.731,21919916,11.408575
Romania,ROU,2002,53.710247,16234.217,21770020,12.960631
Romania,ROU,2003,56.179527,16734.549,21593448,13.62258
Romania,ROU,2004,60.62648,18585.242,21403215,15.029786
Romania,ROU,2005,59.36055,19573.328,21213395,15.999725
Romania,ROU,2006,61.683624,21270.467,21035732,18.029823
Romania,ROU,2007,63.505157,23148.574,20870714,20.477814
Romania,ROU,2008,65.1752,25728.3,20718745,23.610512
Romania,ROU,2009,58.47006,24512.307,20576922,23.8904
Romania,ROU,2010,69.95493,23695.225,20432575,25.387455
Romania,ROU,2011,76.271355,24882.553,20282009,27.768871
Romania,ROU,2012,76.59432,25469.354,20158451,29.488113
Romania,ROU,2013,81.39761,25635.37,20062913,28.198301
Romania,ROU,2014,83.375145,26790.684,19968179,29.116337
Romania,ROU,2015,83.52058,27766.688,19871018,31.139929
Romania,ROU,2016,85.892525,28725.11,19777049,32.30664
Romania,ROU,2017,87.15607,31259.43,19689405,35.085217
Romania,ROU,2018,87.09117,33139.85,19597874,36.148952
Romania,ROU,2019,84.906364,34634.26,19501542,39.57182
Russia,RUS,2000,68.09391,20104.75,146717784,11.23249
Russia,RUS,2001,61.11086,21219.904,146117290,11.389455
Russia,RUS,2002,59.645447,22319.678,145939502,11.600646
Russia,RUS,2003,59.12827,24057.928,145794230,12.562987
Russia,RUS,2004,56.581852,25894.146,145180091,14.071082
Russia,RUS,2005,56.71325,27656.658,144597886,16.024183
Russia,RUS,2006,54.733402,30022.672,144102948,18.640549
Russia,RUS,2007,51.706123,32630.37,143859767,21.653109
Russia,RUS,2008,53.382465,34342.227,143811837,24.785234
Russia,RUS,2009,48.435062,31654.004,143869128,22.719524
Russia,RUS,2010,50.355507,33063.586,143934468,25.58387
Russia,RUS,2011,48.0354,34444.645,144043751,29.226336
Russia,RUS,2012,47.15139,35740.7,144291025,31.432371
Russia,RUS,2013,46.287148,36260.066,144604105,31.004631
Russia,RUS,2014,47.801342,35853.246,144925639,29.775703
Russia,RUS,2015,49.35935,35037.152,145307612,27.152182
Russia,RUS,2016,46.51812,35005.45,145778668,27.161674
Russia,RUS,2017,46.876526,35570.39,146186798,28.94128
Russia,RUS,2018,51.580902,36536.695,146430146,30.653677
Russia,RUS,2019,49.228752,37319.32,146533063,33.838017
Rwanda,RWA,2000,27.484863,1016.662,8213936,NA
Rwanda,RWA,2001,29.19891,1093.1841,8287091,NA
Rwanda,RWA,2002,27.609438,1220.7395,8400185,NA
Rwanda,RWA,2003,29.310625,1220.4991,8586878,NA
Rwanda,RWA,2004,33.461674,1277.1927,8816849,NA
Rwanda,RWA,2005,34.216537,1360.2959,9054532,2.3528142
Rwanda,RWA,2006,33.221436,1446.7109,9299251,2.539899
Rwanda,RWA,2007,35.970974,1516.2675,9549940,2.5766869
Rwanda,RWA,2008,37.60451,1641.7777,9804268,2.6031008
Rwanda,RWA,2009,36.80563,1699.9446,10060438,2.744022
Rwanda,RWA,2010,37.278877,1779.1586,10317560,2.9361386
Rwanda,RWA,2011,39.716103,1874.215,10573742,3.1354825
Rwanda,RWA,2012,40.540863,1988.0122,10829904,3.1595073
Rwanda,RWA,2013,42.693493,2032.4048,11093340,3.1857705
Rwanda,RWA,2014,43.902733,2106.2146,11364758,3.4278483
Rwanda,RWA,2015,45.201977,2238.5393,11640026,3.5079942
Rwanda,RWA,2016,49.484905,2316.6372,11919183,3.4496872
Rwanda,RWA,2017,53.675266,2351.597,12202062,3.3681471
Rwanda,RWA,2018,55.784126,2493.44,12488000,3.442397
Rwanda,RWA,2019,57.975662,2667.4646,12776102,3.8597088
Samoa,WSM,2002,87.91997,5183.4546,184482,NA
Samoa,WSM,2003,76.27215,5425.444,185447,NA
Samoa,WSM,2004,72.52937,5568.347,186265,NA
Samoa,WSM,2005,76.22475,5914.8896,186993,NA
Samoa,WSM,2006,82.46919,6017.477,187724,NA
Samoa,WSM,2007,83.2022,6013.2764,188766,NA
Samoa,WSM,2008,73.88643,6182.763,190117,NA
Samoa,WSM,2009,75.97939,6104.1274,191530,NA
Samoa,WSM,2010,78.5698,6427.3115,193035,NA
Samoa,WSM,2011,81.60095,6616.771,194726,NA
Samoa,WSM,2012,82.73398,6311.961,196518,NA
Samoa,WSM,2013,77.877754,6262.3237,198284,NA
Samoa,WSM,2014,80.50077,6247.905,200051,NA
Samoa,WSM,2015,74.63435,6432.36,201794,NA
Samoa,WSM,2016,75.211815,6887.305,203509,NA
Samoa,WSM,2017,74.011086,6919.0156,205423,NA
Samoa,WSM,2018,78.93497,6805.0454,207595,NA
Samoa,WSM,2019,83.331085,7033.521,209794,NA
San Marino,SMR,2015,321.364,59647.66,33927,NA
San Marino,SMR,2016,320.1461,60669.82,34188,NA
San Marino,SMR,2017,313.8503,59524.56,34405,NA
San Marino,SMR,2018,309.48795,59194.043,34557,NA
San Marino,SMR,2019,307.26477,60171.047,34674,NA
Saudi Arabia,SAU,2000,68.16645,55962.266,16177733,NA
Saudi Arabia,SAU,2001,63.560585,53309.113,17041405,NA
Saudi Arabia,SAU,2002,64.5928,50371.977,17910909,NA
Saudi Arabia,SAU,2003,69.83117,52234.65,18786771,NA
Saudi Arabia,SAU,2004,75.08284,54196.55,19669486,NA
Saudi Arabia,SAU,2005,81.95408,54931.793,20559886,68.946396
Saudi Arabia,SAU,2006,89.9446,54373.74,21459141,75.45356
Saudi Arabia,SAU,2007,94.86332,53318.418,22368313,80.05345
Saudi Arabia,SAU,2008,96.10263,54407.707,23287884,96.5446
Saudi Arabia,SAU,2009,84.858345,51760.766,24217656,84.73213
Saudi Arabia,SAU,2010,82.54968,54911.547,25157134,94.69918
Saudi Arabia,SAU,2011,84.359436,58645.445,26105636,107.3472
Saudi Arabia,SAU,2012,81.74068,59471.7,27062447,108.93739
Saudi Arabia,SAU,2013,80.2515,57998.465,28026825,102.35646
Saudi Arabia,SAU,2014,78.000114,58872.266,28998127,100.17351
Saudi Arabia,SAU,2015,67.10527,58498.54,29974944,86.21847
Saudi Arabia,SAU,2016,57.921665,57308.45,30717804,76.22158
Saudi Arabia,SAU,2017,59.53198,57942.547,30782400,77.09032
Saudi Arabia,SAU,2018,59.10291,61359.465,30365119,80.87107
Saudi Arabia,SAU,2019,56.79382,62647.73,30472809,78.564186
Senegal,SEN,2000,48.680088,3093.2878,9968262,NA
Senegal,SEN,2001,49.720577,3149.331,10212941,NA
Senegal,SEN,2002,53.1443,3075.2317,10466216,NA
Senegal,SEN,2003,50.82122,3170.035,10721176,NA
Senegal,SEN,2004,53.659203,3240.302,10975711,NA
Senegal,SEN,2005,54.903244,3301.8208,11235473,5.0612564
Senegal,SEN,2006,54.13624,3301.0315,11500094,4.9953146
Senegal,SEN,2007,59.271305,3316.4204,11770348,5.084448
Senegal,SEN,2008,62.76177,3359.7056,12048963,4.926754
Senegal,SEN,2009,52.30729,3371.4617,12337390,5.0909343
Senegal,SEN,2010,52.457855,3403.5671,12635418,5.197686
Senegal,SEN,2011,57.576878,3362.8794,12958902,5.0461836
Senegal,SEN,2012,61.975304,3405.1086,13310499,5.1558785
Senegal,SEN,2013,60.626766,3385.426,13710857,4.8976793
Senegal,SEN,2014,58.442528,3484.0122,14152103,4.9020762
Senegal,SEN,2015,58.110336,3593.7947,14593335,4.897879
Senegal,SEN,2016,54.10817,3710.0554,15034517,4.599597
Senegal,SEN,2017,57.70528,3871.4514,15475001,4.1825113
Senegal,SEN,2018,61.78984,3998.2864,15914495,4.135373
Senegal,SEN,2019,64.23625,4070.6123,16352926,3.934793
Serbia,SRB,2000,21.109043,10567.34,7694608,NA
Serbia,SRB,2001,53.895077,11303.067,7651927,NA
Serbia,SRB,2002,54.302883,12047.869,7616741,NA
Serbia,SRB,2003,58.294674,12629.951,7590946,NA
Serbia,SRB,2004,72.28761,13505.976,7565843,NA
Serbia,SRB,2005,71.992546,14346.337,7539139,16.001125
Serbia,SRB,2006,75.529236,14964.665,7511395,17.6072
Serbia,SRB,2007,72.71659,16202.27,7482996,17.893068
Serbia,SRB,2008,75.74325,17111.139,7454285,18.377678
Serbia,SRB,2009,63.501724,16639.994,7425346,19.668768
Serbia,SRB,2010,73.70886,16976.168,7395872,21.687534
Serbia,SRB,2011,75.74936,17114.281,7364858,25.261723
Serbia,SRB,2012,82.07668,17121.162,7324624,25.459534
Serbia,SRB,2013,84.33226,17282.336,7276183,24.725328
Serbia,SRB,2014,88.3815,17053.244,7227203,24.290714
Serbia,SRB,2015,93.528145,17362.838,7177257,22.974003
Serbia,SRB,2016,97.6907,17973.297,7126083,22.306213
Serbia,SRB,2017,102.74045,18496.252,7073507,22.460443
Serbia,SRB,2018,105.56371,19462.25,7020014,22.239092
Serbia,SRB,2019,107.57731,20496.438,6966155,23.732199
Seychelles,SYC,2000,151.30244,20633.674,83339,NA
Seychelles,SYC,2001,179.88492,20147.418,84621,NA
Seychelles,SYC,2002,156.92989,19777.752,85878,NA
Seychelles,SYC,2003,168.84424,18825.22,87056,NA
Seychelles,SYC,2004,149.54094,18356.47,88175,NA
Seychelles,SYC,2005,171.10173,19917.12,89288,NA
Seychelles,SYC,2006,177.56694,21341.86,90391,NA
Seychelles,SYC,2007,174.92847,23117.855,91483,NA
Seychelles,SYC,2008,208.84297,21990.37,92563,NA
Seychelles,SYC,2009,221.93382,21361.13,93644,NA
Seychelles,SYC,2010,198.16269,21708.756,94993,NA
Seychelles,SYC,2011,210.07538,24406.412,97041,NA
Seychelles,SYC,2012,222.17825,24919.955,99565,NA
Seychelles,SYC,2013,196.51773,24770.652,102108,NA
Seychelles,SYC,2014,213.35448,25379.418,104663,NA
Seychelles,SYC,2015,187.475,27032.209,107247,NA
Seychelles,SYC,2016,180.8662,29905.135,109836,NA
Seychelles,SYC,2017,197.44223,31595.668,112443,NA
Seychelles,SYC,2018,185.70753,32841.426,115053,NA
Seychelles,SYC,2019,173.40785,34346.07,117662,NA
Sierra Leone,SLE,2000,57.529964,1981.5061,4423615,NA
Sierra Leone,SLE,2001,35.93816,1749.3508,4692715,NA
Sierra Leone,SLE,2002,38.916912,2089.2615,4971435,NA
Sierra Leone,SLE,2003,46.446438,2196.2812,5177686,NA
Sierra Leone,SLE,2004,46.172,2260.8381,5355715,NA
Sierra Leone,SLE,2005,47.547985,2296.6577,5501707,NA
Sierra Leone,SLE,2006,22.088867,2342.7546,5624464,NA
Sierra Leone,SLE,2007,21.806799,2377.8054,5749353,NA
Sierra Leone,SLE,2008,21.256615,2404.652,5894728,NA
Sierra Leone,SLE,2009,23.07534,2376.5825,6055655,NA
Sierra Leone,SLE,2010,27.954126,2459.768,6222715,NA
Sierra Leone,SLE,2011,43.780796,2590.5283,6387258,NA
Sierra Leone,SLE,2012,53.381344,2792.9263,6551078,NA
Sierra Leone,SLE,2013,53.362766,3124.7283,6714057,NA
Sierra Leone,SLE,2014,51.11878,2812.5283,6876385,NA
Sierra Leone,SLE,2015,36.482395,2628.1707,7037660,NA
Sierra Leone,SLE,2016,43.06721,2732.261,7205339,NA
Sierra Leone,SLE,2017,41.521378,2753.4272,7379300,NA
Sierra Leone,SLE,2018,37.37746,2767.3801,7554568,NA
Sierra Leone,SLE,2019,37.561954,2852.6626,7731994,NA
Singapore,SGP,2000,364.36453,68314.55,4035251,34.375656
Singapore,SGP,2001,349.2921,65784.4,4116169,32.4894
Singapore,SGP,2002,349.746,67744.27,4146898,34.863865
Singapore,SGP,2003,377.21857,71877.53,4138241,32.645397
Singapore,SGP,2004,401.5237,78039.02,4172767,38.005566
Singapore,SGP,2005,420.4305,81841.16,4268363,49.95682
Singapore,SGP,2006,425.3634,86463.83,4407064,52.29154
Singapore,SGP,2007,394.28848,90417.805,4596516,52.86339
Singapore,SGP,2008,437.32672,87329.59,4806742,46.033722
Singapore,SGP,2009,358.1928,84843.516,4968574,44.94008
Singapore,SGP,2010,369.68555,95456.19,5077020,53.991367
Singapore,SGP,2011,379.09863,99296.76,5182242,57.19284
Singapore,SGP,2012,369.21295,101187.83,5293345,55.468098
Singapore,SGP,2013,367.04178,104359.03,5385589,51.861256
Singapore,SGP,2014,360.46732,107066.86,5457899,55.571136
Singapore,SGP,2015,329.4714,108953.73,5525343,55.130947
Singapore,SGP,2016,302.83966,111579.74,5577936,56.09941
Singapore,SGP,2017,316.7944,116471.82,5604087,61.731697
Singapore,SGP,2018,326.5966,119927.766,5634366,63.092636
Singapore,SGP,2019,324.395,120114.13,5669562,62.331562
Slovakia,SVK,2000,108.93926,18343.236,5380001,26.807442000000002
Slovakia,SVK,2001,121.93113,18914.39,5379439,28.650381
Slovakia,SVK,2002,120.59917,19757.068,5377685,30.030914
Slovakia,SVK,2003,125.998505,20730.25,5376197,30.30498
Slovakia,SVK,2004,140.22246,21851.955,5376038,30.051167
Slovakia,SVK,2005,148.70546,23266.758,5376697,32.93329
Slovakia,SVK,2006,164.9922,25342.31,5376847,34.04709
Slovakia,SVK,2007,166.58003,28075.807,5376993,36.84477
Slovakia,SVK,2008,162.46448,29556.262,5379127,38.95723
Slovakia,SVK,2009,136.71436,27891.896,5385074,38.403236
Slovakia,SVK,2010,155.1085,29758.174,5391857,41.125122
Slovakia,SVK,2011,169.17807,30481.377,5398105,42.248577
Slovakia,SVK,2012,176.96896,30907.04,5404877,42.39388
Slovakia,SVK,2013,180.90314,31090.988,5410422,41.065636
Slovakia,SVK,2014,176.75632,31901.943,5415238,42.59173
Slovakia,SVK,2015,179.42603,33521.594,5420278,41.939953
Slovakia,SVK,2016,182.75739,34130.504,5427262,39.354515
Slovakia,SVK,2017,186.64468,35057.223,5435702,38.903595
Slovakia,SVK,2018,188.73297,36430.793,5443229,37.56789
Slovakia,SVK,2019,183.72261,37209.535,5450627,36.973423
Slovenia,SVN,2000,104.620346,30055.572,1986817,34.1683
Slovenia,SVN,2001,105.58322,30857.111,1989684,34.837284
Slovenia,SVN,2002,104.880455,31830.555,1991571,34.664124
Slovenia,SVN,2003,103.28003,32827.75,1992499,35.17949
Slovenia,SVN,2004,112.39993,34298.13,1993548,36.23952
Slovenia,SVN,2005,121.12728,35558.38,1996915,39.61084
Slovenia,SVN,2006,130.51791,37539.46,2003116,39.59458
Slovenia,SVN,2007,137.6631,39995.207,2014159,40.267944
Slovenia,SVN,2008,135.3871,41278.61,2025090,42.692696
Slovenia,SVN,2009,114.4823,37802.09,2035610,40.12282
Slovenia,SVN,2010,128.60658,38056.18,2044611,41.41744
Slovenia,SVN,2011,140.33235,38226.125,2048805,44.91155
Slovenia,SVN,2012,143.65645,37033.766,2053322,45.260403
Slovenia,SVN,2013,145.1688,36678.875,2056452,44.254635
Slovenia,SVN,2014,146.47171,37655.2,2058395,44.316372
Slovenia,SVN,2015,147.21837,38527.42,2059946,42.856907
Slovenia,SVN,2016,148.23845,39667.457,2061379,44.15917
Slovenia,SVN,2017,158.70213,41692.836,2062410,45.32373
Slovenia,SVN,2018,162.6135,43361.094,2069484,47.096825
Slovenia,SVN,2019,160.04428,44569.586,2083438,49.558193
Solomon Islands,SLB,2000,58.552326,2276.822,440481,NA
Solomon Islands,SLB,2001,45.11007,2055.2744,449137,NA
Solomon Islands,SLB,2002,45.12751,1960.4238,457676,NA
Solomon Islands,SLB,2003,55.95861,2050.3086,466164,NA
Solomon Islands,SLB,2004,62.811897,2168.5059,474618,NA
Solomon Islands,SLB,2005,66.571075,2287.2737,483090,NA
Solomon Islands,SLB,2006,69.7894,2340.6516,491602,NA
Solomon Islands,SLB,2007,83.74761,2384.3179,500168,NA
Solomon Islands,SLB,2008,87.352615,2489.783,508802,NA
Solomon Islands,SLB,2009,71.88496,2514.891,518150,NA
Solomon Islands,SLB,2010,96.14855,2682.2854,532976,NA
Solomon Islands,SLB,2011,107.24751,2777.4785,552958,NA
Solomon Islands,SLB,2012,104.82343,2743.4585,573623,NA
Solomon Islands,SLB,2013,99.60746,2783.5918,594952,NA
Solomon Islands,SLB,2014,93.45341,2716.422,616915,NA
Solomon Islands,SLB,2015,88.188484,2664.7249,639423,NA
Solomon Islands,SLB,2016,85.54984,2715.2336,662387,NA
Solomon Islands,SLB,2017,82.197495,2703.6636,685677,NA
Solomon Islands,SLB,2018,88.494965,2686.119,709109,NA
Solomon Islands,SLB,2019,82.998566,2661.6167,728156,NA
Somalia,SOM,2012,88.57365,1114.8042,12461163,NA
Somalia,SOM,2013,83.340996,1197.7217,12869599,NA
Somalia,SOM,2014,81.70104,1259.2743,13339497,NA
Somalia,SOM,2015,76.47933,1343.9252,13806969,NA
Somalia,SOM,2016,74.361565,1384.1552,14348741,NA
Somalia,SOM,2017,68.67565,1527.6603,14916630,NA
Somalia,SOM,2018,73.82192,1504.9791,15452489,NA
Somalia,SOM,2019,70.29806,1491.2949,16030969,NA
South Africa,ZAF,2000,46.220722,11183.825,47159715,NA
South Africa,ZAF,2001,49.170944,11387.492,47566805,15.980202
South Africa,ZAF,2002,53.4655,11697.565,48019414,17.391424
South Africa,ZAF,2003,45.72386,11923.121,48500351,19.33745
South Africa,ZAF,2004,45.643574,12341.21,48991420,19.889915
South Africa,ZAF,2005,47.42778,12861.563,49490041,21.256033
South Africa,ZAF,2006,53.768143,13444.233,49998271,20.623898
South Africa,ZAF,2007,57.125137,14016.244,50528575,21.5135
South Africa,ZAF,2008,65.974525,14297.688,51114595,21.455843
South Africa,ZAF,2009,49.587536,13910.702,51728518,21.844217
South Africa,ZAF,2010,50.406086,14164.996,52344047,23.374456
South Africa,ZAF,2011,54.63635,14434.261,52995212,23.090462
South Africa,ZAF,2012,55.58262,14563.763,53782570,23.279211
South Africa,ZAF,2013,58.875027,14681.097,54678789,22.90383
South Africa,ZAF,2014,59.499573,14643.339,55594840,22.885506
South Africa,ZAF,2015,56.726677,14541.675,56723536,NA
South Africa,ZAF,2016,55.861256,14501.281,57259550,21.921068000000002
South Africa,ZAF,2017,53.53593,14573.598,57635158,22.143183
South Africa,ZAF,2018,54.485546,14553.562,58613001,20.908947
South Africa,ZAF,2019,53.897995,14352.67,59587880,20.568027
South Korea,KOR,2000,64.058815,26404.158,46766660,25.21157
South Korea,KOR,2001,60.42774,27440.656,47043467,25.654871
South Korea,KOR,2002,56.668877,29395.277,47299118,27.43286
South Korea,KOR,2003,59.424294,30142.46,47514158,29.00908
South Korea,KOR,2004,67.92706,31579.527,47697076,30.6891
South Korea,KOR,2005,66.16952,32886.047,47851646,33.5136
South Korea,KOR,2006,68.374954,34429.62,48006518,34.289143
South Korea,KOR,2007,71.32396,36257.34,48178122,36.378704
South Korea,KOR,2008,92.08335,37064.152,48356485,37.66689
South Korea,KOR,2009,83.12461,37176.195,48546690,37.403465
South Korea,KOR,2010,88.02787,39574.05,48769329,39.90182
South Korea,KOR,2011,101.68062,40719.227,49127640,39.71319
South Korea,KOR,2012,101.51727,41537.67,49599580,39.59322
South Korea,KOR,2013,94.16753,42709.977,50071168,38.416
South Korea,KOR,2014,86.93426,43806.926,50539055,40.029747
South Korea,KOR,2015,75.388176,44849.105,50983909,41.849457
South Korea,KOR,2016,69.89972,46088.242,51297836,43.27548
South Korea,KOR,2017,73.19214,47536.79,51486268,45.420845
South Korea,KOR,2018,74.70752,48834.445,51640894,47.57825
South Korea,KOR,2019,71.44706,49790.867,51767844,49.544704
South Sudan,SSD,2008,97.2663,NA,8817645,NA
South Sudan,SSD,2009,94.83576,NA,9243560,NA
South Sudan,SSD,2010,90.94345,NA,9745955,NA
South Sudan,SSD,2011,93.22686,NA,10288112,NA
South Sudan,SSD,2012,71.61981,NA,10756245,NA
South Sudan,SSD,2013,50.811245,NA,11166280,NA
South Sudan,SSD,2014,64.63452,NA,11235071,NA
South Sudan,SSD,2015,65.551346,NA,11107569,NA
Spain,ESP,2000,60.121624,39945.9,41019772,44.811985
Spain,ESP,2001,58.01389,41224.293,41245602,44.947136
Spain,ESP,2002,55.102142,41766.04,41755703,45.945953
Spain,ESP,2003,53.43579,42223.13,42506540,44.63244
Spain,ESP,2004,54.47952,42793.39,43234562,44.7477
Spain,ESP,2005,54.699165,43570.766,43958883,46.64838
Spain,ESP,2006,56.083927,44572.68,44695446,48.49922
Spain,ESP,2007,57.62695,45301.285,45516501,51.199627
Spain,ESP,2008,55.828133,44926.348,46235055,51.883926
Spain,ESP,2009,46.83669,42852.223,46635182,54.0441
Spain,ESP,2010,52.69337,42695.527,46840469,54.77375
Spain,ESP,2011,58.51182,42271.836,46998040,55.09166
Spain,ESP,2012,60.554035,41034.047,47018323,57.414482
Spain,ESP,2013,61.668774,40594.914,46860394,57.504654
Spain,ESP,2014,63.39926,41339.41,46720187,57.19161
Spain,ESP,2015,63.582043,43053.76,46683683,58.978977
Spain,ESP,2016,63.18868,44274.668,46732768,59.979256
Spain,ESP,2017,66.16745,45446.25,46868594,61.159767
Spain,ESP,2018,67.00941,46325.21,47092817,59.54519
Spain,ESP,2019,66.36623,46896.418,47435121,62.680885
Sri Lanka,LKA,2000,88.636444,6428.6133,19293056,6.970878
Sri Lanka,LKA,2001,80.898605,6230.031,19600361,7.1534643000000004
Sri Lanka,LKA,2002,76.33513,6409.863,19805750,7.9734735
Sri Lanka,LKA,2003,75.33625,6741.0127,19951521,8.39938
Sri Lanka,LKA,2004,79.48295,7059.911,20087608,7.7254934
Sri Lanka,LKA,2005,73.60397,7452.742,20216531,7.686735
Sri Lanka,LKA,2006,71.26118,7970.665,20352416,9.118135
Sri Lanka,LKA,2007,68.606514,8454.207,20492546,10.168807
Sri Lanka,LKA,2008,63.369045,8897.827,20629377,10.192493
Sri Lanka,LKA,2009,49.149143,9156.319,20756438,11.592816
Sri Lanka,LKA,2015,46.917973,13329.779,21729975,17.45634
Sri Lanka,LKA,2016,46.47154,13845.614,21910763,17.871292
Sri Lanka,LKA,2017,47.14041,14572.485,22087525,17.869272
Sri Lanka,LKA,2018,49.8094,14759.825,22253116,19.278402
Sri Lanka,LKA,2019,49.425526,14637.444,22410552,19.115978
Sudan,SDN,2000,29.404234,3575.852,27816748,NA
Sudan,SDN,2001,20.293346,3701.5488,28516774,NA
Sudan,SDN,2002,25.625563,3814.3132,29228728,NA
Sudan,SDN,2003,26.440228,3946.9226,29896038,NA
Sudan,SDN,2004,30.432337,4041.0571,30556641,NA
Sudan,SDN,2005,35.87159,4152.3228,31262447,5.2034826
Sudan,SDN,2006,36.202595,4299.974,31992438,6.508834
Sudan,SDN,2007,34.403336,4415.785,32764139,6.467469
Sudan,SDN,2008,36.741096,4446.4097,33623980,6.313647
Sudan,SDN,2009,32.78088,4188.0547,34569114,7.387213
Sudan,SDN,2010,32.72831,4219.837,35414403,8.9581
Sudan,SDN,2011,27.512339,4467.626,36140808,11.05157
Sudan,SDN,2012,21.856174,4145.9316,36923175,11.502495
Sudan,SDN,2013,26.858524,4130.486,37785852,8.347273
Sudan,SDN,2014,20.84511,4207.5005,38823324,12.746824
Sudan,SDN,2015,18.378273,4159.1943,40024433,12.753783
Sudan,SDN,2016,15.28167,4174.561,41259892,18.324175
Sudan,SDN,2017,17.83139,4061.0183,42714311,23.089512
Sudan,SDN,2018,21.867918,3816.66,44230597,NA
Sudan,SDN,2019,26.119621,3625.5232,45548179,9.076358
Suriname,SUR,2006,98.16819,20113.67,525003,NA
Suriname,SUR,2007,101.377,20902.139,531026,NA
Suriname,SUR,2008,109.16684,21515.812,537252,NA
Suriname,SUR,2009,87.92066,21906.41,543580,NA
Suriname,SUR,2010,90.961395,22772.475,549931,NA
Sweden,SWE,2000,81.47216,48284.8,8872099,62.9406
Sweden,SWE,2001,80.56918,48810.645,8896018,61.542847
Sweden,SWE,2002,77.08532,49760.215,8925045,63.0572
Sweden,SWE,2003,75.32822,50507.934,8958434,65.40065
Sweden,SWE,2004,78.735886,52412.41,8993805,67.76625
Sweden,SWE,2005,84.16792,53661.316,9029771,67.8612
Sweden,SWE,2006,88.33026,55855.496,9080628,68.75627
Sweden,SWE,2007,89.54692,57230.79,9148280,71.080475
Sweden,SWE,2008,92.80837,56262.47,9219903,71.44491
Sweden,SWE,2009,81.95831,53411.2,9298738,69.216644
Sweden,SWE,2010,85.091484,56003.27,9378234,71.1375
Sweden,SWE,2011,86.39075,57340.504,9449263,75.29663
Sweden,SWE,2012,85.29806,56682.02,9519477,75.55018
Sweden,SWE,2013,81.64025,56843.164,9600620,74.577156
Sweden,SWE,2014,83.82298,57574.05,9696438,73.45989
Sweden,SWE,2015,84.17307,59468.355,9799483,74.54128
Sweden,SWE,2016,83.45195,59977.387,9923281,73.800705
Sweden,SWE,2017,86.069305,60288.8,10057864,75.30726
Sweden,SWE,2018,90.408714,60647.45,10175400,74.248825
Sweden,SWE,2019,92.75114,61601.63,10279120,80.12736
Switzerland,CHE,2000,97.93686,67378.39,7184003,54.414757
Switzerland,CHE,2001,96.03984,68008.34,7226391,54.831184
Switzerland,CHE,2002,91.78185,67446.41,7278744,55.72206
Switzerland,CHE,2003,90.335495,66926.17,7333451,56.066704
Switzerland,CHE,2004,95.5171,68263.44,7384196,56.729427
Switzerland,CHE,2005,102.26117,69692.59,7431824,60.574726
Switzerland,CHE,2006,106.245155,72077.86,7478514,63.326443
Switzerland,CHE,2007,113.331856,74234.305,7545386,68.32307
Switzerland,CHE,2008,116.778,75355.2,7641730,72.58657
Switzerland,CHE,2009,109.775986,72709.81,7737644,71.86104
Switzerland,CHE,2010,120.065125,74290.266,7825750,76.004814
Switzerland,CHE,2011,125.556274,74800.89,7914379,84.594376
Switzerland,CHE,2012,126.45386,74883.62,7998927,86.639626
Switzerland,CHE,2013,133.69371,75354.16,8091199,86.26918
Switzerland,CHE,2014,120.213425,76189.6,8190238,87.11647
Switzerland,CHE,2015,117.13848,76566.08,8283940,85.66496
Switzerland,CHE,2016,123.565926,77301.21,8374903,86.37685
Switzerland,CHE,2017,123.62181,77626.91,8453630,88.95202
Switzerland,CHE,2018,124.428505,79261.36,8516341,89.29048
Switzerland,CHE,2019,124.12761,79596.7,8577525,93.04306
Syria,SYR,2000,65.28499,7807.93,16637884,NA
Syria,SYR,2001,67.36813,7698.397,17051337,NA
Syria,SYR,2002,71.64431,7811.816,17468335,NA
Syria,SYR,2003,61.54699,8177.545,17889297,NA
Syria,SYR,2004,78.11493,8528.656,18336879,NA
Syria,SYR,2005,80.133,8828.946,18814092,11.021681
Syria,SYR,2006,74.20522,8885.806,19637016,9.560591
Syria,SYR,2007,76.37936,8829.309,20884136,9.610101
Syria,SYR,2008,74.22796,8903.772,21636566,9.967693
Syria,SYR,2009,59.943825,9284.102,21976971,10.044832
Syria,SYR,2010,64.01016,9546.561,22482417,11.514412
Syria,SYR,2011,50.696095,9648.824,22878104,11.494515
Syria,SYR,2012,35.36869,7144.3726,22759763,12.391226
Syria,SYR,2013,44.705254,5530.9746,21666921,11.167972
Syria,SYR,2014,54.264423,5301.6255,20273661,11.703975
Syria,SYR,2015,51.08621,5302.074,19424615,11.647971
Syria,SYR,2016,67.11194,5022.113,19193835,NA
Syria,SYR,2017,61.050854,4977.792,19224671,NA
Syria,SYR,2018,50.6591,4956.093,19577849,NA
Syria,SYR,2019,41.99947,4825.4062,20353536,12.47723
Tajikistan,TJK,2000,175.35121,1365.2333,6284737,NA
Tajikistan,TJK,2001,146.6573,1467.3988,6407376,NA
Tajikistan,TJK,2002,138.68398,1594.939,6531674,NA
Tajikistan,TJK,2003,137.66959,1736.6404,6658575,NA
Tajikistan,TJK,2004,128.33817,1878.287,6790555,NA
Tajikistan,TJK,2005,126.9947,1965.3002,6924722,4.458506
Tajikistan,TJK,2006,141.15392,2063.2886,7057566,4.851872
Tajikistan,TJK,2007,145.5281,2181.898,7194479,5.2901044
Tajikistan,TJK,2008,114.48015,2308.0942,7338402,5.4090257
Tajikistan,TJK,2009,85.978134,2349.5002,7490232,5.227868
Tajikistan,TJK,2010,73.49304,2449.2737,7652144,5.60813
Tajikistan,TJK,2011,79.78425,2572.4807,7824788,6.557608
Tajikistan,TJK,2012,83.17594,2700.0955,8014087,7.1508236
Tajikistan,TJK,2013,71.743744,2828.3855,8216733,6.7272897
Tajikistan,TJK,2014,54.60716,2943.0886,8425559,7.4810624
Tajikistan,TJK,2015,49.937817,3041.4448,8643839,5.9705787
Tajikistan,TJK,2016,55.724644,3169.9668,8865623,6.062849
Tajikistan,TJK,2017,53.786106,3312.712,9085942,6.618755
Tajikistan,TJK,2018,55.84611,3479.6924,9307345,6.7450814
Tajikistan,TJK,2019,56.045017,3649.8838,9529970,7.820909
Tanzania,TZA,2000,23.989115,1839.9366,34260142,NA
Tanzania,TZA,2001,28.030144,1899.7454,35198303,NA
Tanzania,TZA,2002,27.499218,1982.6443,36121301,NA
Tanzania,TZA,2003,30.448835,2059.8374,37089555,NA
Tanzania,TZA,2004,33.609787,2155.2415,38109666,NA
Tanzania,TZA,2005,36.959274,2253.0933,39182083,2.4594154
Tanzania,TZA,2006,42.768166,2334.1045,40294900,2.5249279
Tanzania,TZA,2007,48.058395,2423.616,41435508,2.6508598
Tanzania,TZA,2008,49.026543,2493.2593,42570728,2.7862515
Tanzania,TZA,2009,43.5326,2560.811,43633975,2.9172902
Tanzania,TZA,2010,47.640438,2654.8035,44758491,3.2826262
Tanzania,TZA,2011,56.166122,2779.7078,46029371,3.9036906
Tanzania,TZA,2012,54.36895,2822.4854,47374261,3.7067542000000002
Tanzania,TZA,2013,48.631626,2924.8633,48824134,3.409559
Tanzania,TZA,2014,45.35602,3027.569,50351506,3.2254248
Tanzania,TZA,2015,40.75768,3111.4446,52020958,3.4261239
Tanzania,TZA,2016,35.42047,3214.2468,53824012,3.3870692
Tanzania,TZA,2017,33.11259,3318.2883,55652888,3.30354
Tanzania,TZA,2018,32.64261,3392.6887,57437134,3.5375965
Tanzania,TZA,2019,33.01859,3484.6326,59174889,3.7469046
Thailand,THA,2000,121.29796,11622.525,63007815,6.633584
Thailand,THA,2001,120.26797,11901.318,63651137,7.017102
Thailand,THA,2002,114.96974,12512.184,64266433,7.398919
Thailand,THA,2003,116.69282,13287.305,64868164,7.800051
Thailand,THA,2004,127.41187,13997.001,65452049,8.184596
Thailand,THA,2005,137.85387,14458.255,66017415,9.0982485
Thailand,THA,2006,134.08694,15051.061,66567685,9.566036
Thailand,THA,2007,129.87323,15742.655,67102388,10.143932
Thailand,THA,2008,140.43701,15891.782,67619835,10.70147
Thailand,THA,2009,119.26942,15665.903,68121077,10.456538
Thailand,THA,2010,127.25053,16730.37,68579443,11.747734
Thailand,THA,2011,139.6754,16766.348,69007212,12.628325
Thailand,THA,2012,137.67494,17869.637,69436091,14.015151
Thailand,THA,2013,132.46228,18242.426,69845112,14.217212
Thailand,THA,2014,130.9055,18324.615,70216362,14.125287
Thailand,THA,2015,124.83966,18811.998,70540787,14.475631
Thailand,THA,2016,120.575226,19370.61,70859835,15.2124605
Thailand,THA,2017,120.891426,20094.678,71160183,16.220163
Thailand,THA,2018,120.841866,20879.902,71376081,16.804295
Thailand,THA,2019,109.689514,21277.84,71522264,17.634335
Togo,TGO,2000,48.808002,2160.9893,5140046,NA
Togo,TGO,2001,51.394154,2122.0806,5277386,NA
Togo,TGO,2002,51.609566,2147.9744,5413279,NA
Togo,TGO,2003,55.38998,2234.9773,5552169,NA
Togo,TGO,2004,57.871094,2157.0276,5696513,NA
Togo,TGO,2005,61.45428,2004.2585,5844637,NA
Togo,TGO,2006,61.61286,2000.5417,6010673,NA
Togo,TGO,2007,61.77407,1920.2693,6188350,NA
Togo,TGO,2008,62.307667,1941.1549,6368820,NA
Togo,TGO,2009,62.21042,1989.83,6551868,NA
Togo,TGO,2010,66.797485,2049.7805,6732596,NA
Togo,TGO,2011,77.732315,2111.4749,6916478,NA
Togo,TGO,2012,75.71321,2186.3096,7100743,NA
Togo,TGO,2013,82.14779,2254.9883,7285448,NA
Togo,TGO,2014,70.91565,2322.404,7472457,NA
Togo,TGO,2015,69.128136,2388.426,7663199,NA
Togo,TGO,2016,66.44504,2427.3003,7858297,NA
Togo,TGO,2017,58.20886,2462.2773,8057138,NA
Togo,TGO,2018,57.57374,2517.3489,8258782,NA
Togo,TGO,2019,56.342175,2577.516,8463070,NA
Tonga,TON,2000,61.50824,5808.265,102695,NA
Tonga,TON,2001,62.406563,5860.0806,103305,NA
Tonga,TON,2002,73.83741,6085.1133,103888,NA
Tonga,TON,2003,73.21606,6053.88,104481,NA
Tonga,TON,2004,73.97372,5900.4575,105088,NA
Tonga,TON,2005,76.208046,5828.3706,105684,NA
Tonga,TON,2006,66.35499,5670.914,106266,NA
Tonga,TON,2007,68.22992,5506.652,106744,NA
Tonga,TON,2008,72.65638,5758.5684,107036,NA
Tonga,TON,2009,74.34067,5453.875,107219,NA
Tonga,TON,2010,70.79767,5488.7505,107415,NA
Tonga,TON,2011,78.857864,5847.444,107584,NA
Tonga,TON,2012,77.97229,5907.267,107476,NA
Tonga,TON,2013,82.73158,5951.6943,107093,NA
Tonga,TON,2014,74.73042,6096.869,106627,NA
Tonga,TON,2015,81.39024,6194.639,106110,NA
Tonga,TON,2016,87.77717,6639.1367,105536,NA
Tonga,TON,2017,88.043495,6862.669,105373,NA
Tonga,TON,2018,86.103966,6885.1025,105590,NA
Tonga,TON,2019,88.04539,6858.839,105688,NA
Tunisia,TUN,2000,82.639114,9134.415,9764940,NA
Tunisia,TUN,2001,89.5522,9380.563,9869679,NA
Tunisia,TUN,2002,85.34218,9407.557,9971521,NA
Tunisia,TUN,2003,82.39034,9752.024,10071638,NA
Tunisia,TUN,2004,86.92535,10263.806,10166170,NA
Tunisia,TUN,2005,90.25125,10529.16,10255474,14.176201
Tunisia,TUN,2006,93.94093,10983.922,10346408,14.429316
Tunisia,TUN,2007,104.0594,11613.925,10441705,15.182602
Tunisia,TUN,2008,114.34366,11990.196,10542637,15.751016
Tunisia,TUN,2009,93.01688,12229.775,10650682,16.435621
Tunisia,TUN,2010,100.15101,12458.271,10765984,17.065113
Tunisia,TUN,2011,100.10638,12068.714,10886041,17.645477
Tunisia,TUN,2012,101.55072,12436.3955,11009649,18.116611
Tunisia,TUN,2013,98.954956,12587.995,11141365,16.980402
Tunisia,TUN,2014,96.1071,12824.003,11274295,17.046808
Tunisia,TUN,2015,87.24853,12802.792,11402270,17.064772
Tunisia,TUN,2016,87.09267,12803.88,11528676,17.317915
Tunisia,TUN,2017,95.8092,12955.401,11650504,17.039062
Tunisia,TUN,2018,103.871826,13163.195,11765515,17.44739
Tunisia,TUN,2019,102.33261,13243.902,11875084,18.072878
Turkey,TUR,2000,42.374676,14856.915,65425957,24.512747
Turkey,TUR,2001,49.944782,13872.129,66245125,23.750864
Turkey,TUR,2002,48.10261,14587.895,67048792,23.53937
Turkey,TUR,2003,46.368156,15255.718,67831735,22.85436
Turkey,TUR,2004,48.993458,16583.883,68592621,25.659742
Turkey,TUR,2005,46.30883,17902.596,69329557,27.701159
Turkey,TUR,2006,48.945675,18972.01,70045351,30.204082
Turkey,TUR,2007,48.02747,19909.084,70750593,32.92979
Turkey,TUR,2008,50.76125,19839.584,71562343,34.368958
Turkey,TUR,2009,47.03914,18612.193,72464846,34.040092
Turkey,TUR,2010,46.943336,19897.447,73346766,36.116432
Turkey,TUR,2011,53.651585,21760.43,74215203,39.551506
Turkey,TUR,2012,53.327763,22517.715,75197196,40.59714
Turkey,TUR,2013,53.06835,24117.312,76403032,42.31441
Turkey,TUR,2014,54.306774,24888.852,78036154,44.338398
Turkey,TUR,2015,51.874924,25984.803,80014222,46.236073
Turkey,TUR,2016,48.870182,26489.645,81652087,46.469788
Turkey,TUR,2017,56.13566,28194.688,83083667,47.88645
Turkey,TUR,2018,62.825134,28780.303,84415966,47.813248
Turkey,TUR,2019,62.57846,28741.053,85357670,49.21171
Turkmenistan,TKM,2000,103.580315,5112.5293,4582675,NA
Turkmenistan,TKM,2001,81.985855,5228.803,4675416,NA
Turkmenistan,TKM,2002,63.704685,5138.871,4769473,NA
Turkmenistan,TKM,2003,63.20175,5203.8545,4863871,NA
Turkmenistan,TKM,2004,59.31997,5360.224,4958091,NA
Turkmenistan,TKM,2005,53.972343,5945.9526,5052260,10.889915
Turkmenistan,TKM,2006,52.4473,6476.828,5147103,11.174841
Turkmenistan,TKM,2007,56.27778,7060.1484,5244047,11.5636635
Turkmenistan,TKM,2008,94.724075,7944.996,5345033,11.741373
Turkmenistan,TKM,2009,104.95218,8264.865,5451597,17.00483
Turkmenistan,TKM,2010,96.86305,8842.333,5564356,18.478338
Turkmenistan,TKM,2011,111.062836,9929.689,5683413,18.105446
Turkmenistan,TKM,2012,109.33366,10794.233,5808548,17.989304
Turkmenistan,TKM,2013,98.59282,11633.291,5939348,17.885477
Turkmenistan,TKM,2014,91.09348,12544.398,6075286,17.601583
Turkmenistan,TKM,2015,81.29993,13057.83,6215773,17.056036
Turkmenistan,TKM,2016,62.046085,13552.848,6360041,16.5741
Turkmenistan,TKM,2017,53.575356,14107.667,6507065,16.933619
Turkmenistan,TKM,2018,50.900272,14648.136,6655523,17.485188
Turkmenistan,TKM,2019,44.28576,15231.306,6803943,18.085407
Uganda,UGA,2000,32.749035,1487.005,24000158,NA
Uganda,UGA,2001,35.329975,1516.9642,24745678,NA
Uganda,UGA,2002,36.277794,1598.5829,25532872,NA
Uganda,UGA,2003,36.585728,1649.1483,26352124,NA
Uganda,UGA,2004,35.460087,1709.3616,27154513,NA
Uganda,UGA,2005,38.994286,1765.0378,27963287,3.616084
Uganda,UGA,2006,43.633286,1898.9791,28794005,3.9112842
Uganda,UGA,2007,46.777416,1999.0625,29653437,4.2158747
Uganda,UGA,2008,56.258266,2110.1006,30539547,4.604315
Uganda,UGA,2009,47.063877,2188.299,31451147,4.982397
Uganda,UGA,2010,38.26925,2244.606,32390801,6.3068557
Uganda,UGA,2011,39.755226,2384.4653,33354541,7.1294155
Uganda,UGA,2012,43.502136,2405.0945,34337436,5.069215
Uganda,UGA,2013,43.109154,2420.8882,35337050,3.6770692
Uganda,UGA,2014,36.0144,2470.504,36395542,6.1606436
Uganda,UGA,2015,37.689297,2520.02,37531444,5.12184
Uganda,UGA,2016,31.209362,2554.2278,38799153,4.483873
Uganda,UGA,2017,36.83705,2543.8477,40177384,4.1323576
Uganda,UGA,2018,36.638405,2613.88,41565839,4.547936
Uganda,UGA,2019,39.361053,2689.4102,42999636,4.8846607
Ukraine,UKR,2000,115.73572,10364.0625,49556654,NA
Ukraine,UKR,2001,99.926125,11379.386,49106854,NA
Ukraine,UKR,2002,95.99467,12092.789,48677280,NA
Ukraine,UKR,2003,102.59018,13342.88,48315133,NA
Ukraine,UKR,2004,109.98171,15021.066,47979502,NA
Ukraine,UKR,2005,94.64757,15610.573,47585558,9.985818
Ukraine,UKR,2006,89.18105,16901.508,47278691,10.909371
Ukraine,UKR,2007,88.04656,18374.014,47062802,12.210857
Ukraine,UKR,2008,94.17189,18883.986,46819168,13.0491495
Ukraine,UKR,2009,87.476166,16092.796,46623731,11.378683
Ukraine,UKR,2010,95.72973,16811.795,46455997,11.607736
Ukraine,UKR,2011,104.80508,17783.957,46307854,13.029414
Ukraine,UKR,2012,102.62279,17848.74,46210051,13.598371
Ukraine,UKR,2013,94.00167,17889.092,46126760,14.506031
Ukraine,UKR,2014,100.69178,16978.812,45972379,14.472163
Ukraine,UKR,2015,107.80662,15403.71,45784904,15.440828
Ukraine,UKR,2016,105.5212,15856.8125,45616831,16.455778
Ukraine,UKR,2017,104.03498,16310.36,45436037,16.845766
Ukraine,UKR,2018,99.199814,16978.984,45208903,17.198265
Ukraine,UKR,2019,90.51124,17636.555,44957451,18.405897
United Arab Emirates,ARE,2001,89.86458,90750.34,3723596,NA
United Arab Emirates,ARE,2002,93.071655,87479.24,3956829,NA
United Arab Emirates,ARE,2003,102.30017,89828.555,4192465,NA
United Arab Emirates,ARE,2004,116.62261,93166.15,4428964,NA
United Arab Emirates,ARE,2005,119.55287,92750.914,4664797,86.64857
United Arab Emirates,ARE,2006,119.47067,94872.54,5009106,88.36783
United Arab Emirates,ARE,2007,136.79816,87180.61,5624640,79.72488
United Arab Emirates,ARE,2008,148.51355,80285.19,6302669,73.82729
United Arab Emirates,ARE,2009,153.46194,71488.99,6707063,53.704025
United Arab Emirates,ARE,2010,135.4857,70913.78,6938372,52.73671
United Arab Emirates,ARE,2011,144.17679,73190.4,7199436,59.930607
United Arab Emirates,ARE,2012,156.6377,73644.055,7497122,61.987694
United Arab Emirates,ARE,2013,157.39809,74237.22,7831851,59.68808
United Arab Emirates,ARE,2014,159.51561,74145.11,8236880,60.91756
United Arab Emirates,ARE,2015,164.28618,75238.555,8674633,49.87166
United Arab Emirates,ARE,2016,165.39502,75671.055,9030873,47.35865
United Arab Emirates,ARE,2017,165.47655,72529.055,9234330,43.613617
United Arab Emirates,ARE,2018,154.74701,72671.06,9346870,45.923405
United Arab Emirates,ARE,2019,163.82216,72822.97,9377855,47.47686
United Kingdom,GBR,2000,52.33802,43115.562,59057333,62.019405
United Kingdom,GBR,2001,52.634235,43976.84,59288095,63.436264
United Kingdom,GBR,2002,51.236183,44539.465,59540764,63.061485
United Kingdom,GBR,2003,50.06812,45759.402,59820385,62.760895
United Kingdom,GBR,2004,50.28855,46558.13,60169964,63.706306
United Kingdom,GBR,2005,52.544273,47529.938,60596107,66.20453
United Kingdom,GBR,2006,56.70478,48215.047,61051093,66.2685
United Kingdom,GBR,2007,52.74935,49243.25,61535859,65.108116
United Kingdom,GBR,2008,56.43655,48833.07,62027303,65.44837
United Kingdom,GBR,2009,54.65373,46241.805,62506222,63.142673
United Kingdom,GBR,2010,59.05118,46917.89,63006482,62.195778
United Kingdom,GBR,2011,63.324062,46949.02,63509285,62.844765
United Kingdom,GBR,2012,61.968872,47328.21,63960488,63.155174
United Kingdom,GBR,2013,61.71954,47820.28,64389386,63.77222
United Kingdom,GBR,2014,58.821022,48964.285,64865914,62.419716
United Kingdom,GBR,2015,57.125046,49652.72,65382107,63.72775
United Kingdom,GBR,2016,59.83953,50346.86,65893359,63.4797
United Kingdom,GBR,2017,63.189926,51586.676,66354473,65.88062
United Kingdom,GBR,2018,64.909775,52131.695,66752473,64.60273
United Kingdom,GBR,2019,65.00356,52515.684,67110958,66.17737
United States,USA,2000,25.102995,55038.62,281484126,59.149975
United States,USA,2001,22.967182,55017.305,284279634,60.27278
United States,USA,2002,22.286375,55436.117,287084335,61.876675
United States,USA,2003,22.627314,56498.207,289908091,63.79642
United States,USA,2004,24.448063,58131.633,292786248,65.511055
United States,USA,2005,25.638554,59604.754,295716666,66.79082
United States,USA,2006,26.975279,60676.566,298730208,67.335144
United States,USA,2007,28.012018,61306.598,301844223,68.14117
United States,USA,2008,29.867796,60798.434,304970325,68.95971
United States,USA,2009,24.759531,58714.973,308023452,71.02365
United States,USA,2010,28.219894,59789.414,311062785,72.9431
United States,USA,2011,30.842485,60245.484,314105075,72.994804
United States,USA,2012,30.681835,61134.53,317115349,73.444336
United States,USA,2013,30.007954,61958.723,320110752,74.135895
United States,USA,2014,30.004478,63018.805,323115377,74.58594
United States,USA,2015,27.823565,64359.473,326126496,74.986916
United States,USA,2016,26.607962,65017.656,329179423,75.29495
United States,USA,2017,27.31302,66155.555,332204657,76.11291
United States,USA,2018,27.61038,67719.766,335056492,76.83071
United States,USA,2019,26.45376,69112.6,337790069,77.74209
United States Virgin Islands,VIR,2002,283.16983,54299.23,108433,NA
United States Virgin Islands,VIR,2003,362.96835,54086.156,108186,NA
United States Virgin Islands,VIR,2004,435.15933,55883.453,107851,NA
United States Virgin Islands,VIR,2005,503.20688,57838.098,107622,NA
United States Virgin Islands,VIR,2006,552.11865,59911.723,107463,NA
United States Virgin Islands,VIR,2007,560.3679,62332.945,107238,NA
United States Virgin Islands,VIR,2008,863.1951,63057.625,106971,NA
United States Virgin Islands,VIR,2009,508.40277,58895.305,106767,NA
United States Virgin Islands,VIR,2010,586.4015,59272.246,106325,NA
United States Virgin Islands,VIR,2011,679.2328,54443.07,105398,NA
United States Virgin Islands,VIR,2012,157.1778,46422.414,104307,NA
United States Virgin Islands,VIR,2013,142.24184,43563.887,103168,NA
United States Virgin Islands,VIR,2014,164.29172,42853.9,102012,NA
United States Virgin Islands,VIR,2015,84.76659,42739.082,100251,NA
United States Virgin Islands,VIR,2016,113.29647,43502.434,97795,NA
United States Virgin Islands,VIR,2017,157.69637,43277.156,95124,NA
United States Virgin Islands,VIR,2018,159.24037,44205.406,92317,NA
United States Virgin Islands,VIR,2019,155.42345,45632.637,89390,NA
Uruguay,URY,2000,36.713737,18752.059,3266212,20.013767
Uruguay,URY,2001,36.309513,17986.9,3274257,19.430437
Uruguay,URY,2002,40.029068,16572.79,3278868,18.989973
Uruguay,URY,2003,51.7592,16694.44,3281188,19.225391
Uruguay,URY,2004,61.47669,17519.379,3283157,18.559896
Uruguay,URY,2005,58.877697,18811.32,3285776,19.504658
Uruguay,URY,2006,61.971573,19560.082,3289508,19.544134
Uruguay,URY,2007,59.21045,20803.893,3295155,20.684324
Uruguay,URY,2008,65.20809,22249.383,3302184,22.426348
Uruguay,URY,2009,53.39442,23138.082,3310093,23.68828
Uruguay,URY,2010,51.699036,24879.836,3318581,27.248896
Uruguay,URY,2011,53.247032,26099.322,3326829,29.227512
Uruguay,URY,2012,55.061153,26953.281,3335406,30.719692
Uruguay,URY,2013,49.717846,28119.482,3345335,31.5063
Uruguay,URY,2014,49.087624,28935.098,3356343,32.828636
Uruguay,URY,2015,45.32824,28941.629,3368022,33.966007
Uruguay,URY,2016,48.47056,29332.566,3379279,35.260612
Uruguay,URY,2017,46.378006,29762.434,3388444,35.62978
Uruguay,URY,2018,47.79131,29757.94,3394538,35.771927
Uruguay,URY,2019,49.744835,30010.574,3397206,38.193
Uzbekistan,UZB,2000,44.05403,3410.6504,24787052,NA
Uzbekistan,UZB,2001,56.77628,3509.7285,25090289,NA
Uzbekistan,UZB,2002,58.954525,3604.6934,25399987,NA
Uzbekistan,UZB,2003,70.459274,3711.7786,25711261,NA
Uzbekistan,UZB,2004,76.59567,3939.5305,26029350,NA
Uzbekistan,UZB,2005,69.52526,4160.955,26356977,6.1134586
Uzbekistan,UZB,2006,67.47129,4413.7227,26699046,6.1043005
Uzbekistan,UZB,2007,74.41419,4764.564,27076013,6.652316
Uzbekistan,UZB,2008,79.74799,5115.644,27494780,6.680322
Uzbekistan,UZB,2009,68.67314,5439.551,27939333,7.1471505
Uzbekistan,UZB,2010,49.268997,5760.805,28385509,6.962992
Uzbekistan,UZB,2011,49.65429,6100.251,28823194,7.4772396
Uzbekistan,UZB,2012,44.23932,6435.5645,29261908,7.7414923
Uzbekistan,UZB,2013,42.377914,6797.775,29724065,7.9355993
Uzbekistan,UZB,2014,36.357056,7145.11,30222994,8.186527
Uzbekistan,UZB,2015,30.756191,7529.7637,30749349,8.576579
Uzbekistan,UZB,2016,29.192297,7839.978,31284565,8.470675
Uzbekistan,UZB,2017,42.55951,8047.0537,31819172,8.759643
Uzbekistan,UZB,2018,64.13814,8348.961,32373489,9.8572235
Uzbekistan,UZB,2019,64.96392,8755.126,32964700,9.942096
Vanuatu,VUT,2000,87.15579,3342.1672,186290,NA
Vanuatu,VUT,2001,87.77215,3148.3347,191047,NA
Vanuatu,VUT,2002,91.69972,2911.0413,195871,NA
Vanuatu,VUT,2003,91.56799,2962.031,200760,NA
Vanuatu,VUT,2004,98.70598,3005.7974,205720,NA
Vanuatu,VUT,2005,100.17382,3089.437,210772,NA
Vanuatu,VUT,2006,89.54146,3270.7024,215939,NA
Vanuatu,VUT,2007,90.17165,3283.3655,221291,NA
Vanuatu,VUT,2008,105.77485,3381.3857,226908,NA
Vanuatu,VUT,2009,108.48918,3396.736,232740,NA
Vanuatu,VUT,2010,103.82331,3359.8496,238256,NA
Vanuatu,VUT,2011,96.998764,3390.961,243483,NA
Vanuatu,VUT,2012,104.45163,3350.771,248894,NA
Vanuatu,VUT,2013,106.41076,3292.2341,254495,NA
Vanuatu,VUT,2014,105.19932,3302.2917,260247,NA
Vanuatu,VUT,2015,108.75867,3357.639,266115,NA
Vanuatu,VUT,2016,106.35194,3397.7673,272097,NA
Vanuatu,VUT,2017,105.52657,3465.9197,278518,NA
Vanuatu,VUT,2018,110.67966,3482.0227,285273,NA
Vanuatu,VUT,2019,99.382965,3512.072,291995,NA
Venezuela,VEN,2000,47.85722,NA,24526707,14.073105
Venezuela,VEN,2001,42.14127,NA,24979934,13.128458
Venezuela,VEN,2002,48.57571,NA,25435674,12.256613
Venezuela,VEN,2003,50.577007,NA,25892710,11.970776
Venezuela,VEN,2004,55.367455,NA,26340843,14.239686
Venezuela,VEN,2005,60.12733,NA,26785797,17.611109
Venezuela,VEN,2006,58.665592,NA,27224691,19.9599
Venezuela,VEN,2007,56.199097,NA,27649369,22.529364
Venezuela,VEN,2008,51.829014,NA,28053694,25.99299
Venezuela,VEN,2009,38.52093,NA,28438296,22.290731
Venezuela,VEN,2010,46.136894,NA,28813101,26.679781
Venezuela,VEN,2011,49.638123,NA,29185220,29.277555
Venezuela,VEN,2012,50.648582,NA,29553829,30.055267
Venezuela,VEN,2013,62.479523,NA,29912195,28.037857
Venezuela,VEN,2014,64.20744,NA,30254080,18.444345
Venezuela,VEN,2015,60.288845,NA,30573968,NA
Venezuela,VEN,2016,41.307217,NA,30765719,NA
Venezuela,VEN,2017,42.582935,NA,30565331,NA
Venezuela,VEN,2018,54.645065,NA,29807591,NA
Venezuela,VEN,2019,58.12929,NA,28938096,NA
Vietnam,VNM,2000,111.41709,4349.2236,77154016,2.3180463
Vietnam,VNM,2001,111.95594,4570.2686,77969357,2.5863342
Vietnam,VNM,2002,116.69687,4809.6216,78772227,2.7358446
Vietnam,VNM,2003,124.32796,5090.29,79563778,2.8816855
Vietnam,VNM,2004,133.0165,5421.097,80338977,3.1066086
Vietnam,VNM,2005,130.71484,5776.3633,81088309,3.325247
Vietnam,VNM,2006,138.31363,6098.245,82167901,3.5764976
Vietnam,VNM,2007,154.60538,6418.544,83633374,4.1368814
Vietnam,VNM,2008,154.31747,6659.1357,85175789,4.6194744
Vietnam,VNM,2009,134.70631,6914.339,86460023,4.8155694
Vietnam,VNM,2010,113.977684,7274.733,87455148,5.547646
Vietnam,VNM,2011,125.260574,7652.619,88468315,5.9329395
Vietnam,VNM,2012,123.22411,7979.868,89510355,6.3238335
Vietnam,VNM,2013,130.84636,8324.198,90573103,6.6097536
Vietnam,VNM,2014,135.41052,8751.883,91679582,7.166942
Vietnam,VNM,2015,144.91423,9248.024,92823254,7.4363456
Vietnam,VNM,2016,145.40952,9743.188,94000115,7.7724657
Vietnam,VNM,2017,160.98009,10290.549,95176978,8.676572
Vietnam,VNM,2018,164.66394,10936.894,96237319,8.861669
Vietnam,VNM,2019,164.70421,11628.614,97173778,9.733969
Yemen,YEM,2000,75.438835,NA,19624139,NA
Yemen,YEM,2001,70.892395,NA,20226146,NA
Yemen,YEM,2002,74.73045,NA,20835092,NA
Yemen,YEM,2003,74.382614,NA,21456379,NA
Yemen,YEM,2004,71.84667,NA,22095161,NA
Yemen,YEM,2005,76.773285,NA,22790082,7.884461
Yemen,YEM,2006,82.076164,NA,23543090,7.982443
Yemen,YEM,2007,79.12342,NA,24318090,8.281414
Yemen,YEM,2008,81.24472,NA,25111941,8.765694
Yemen,YEM,2009,68.07139,NA,25927723,8.53448
Yemen,YEM,2010,64.385635,NA,26754383,9.900771
Yemen,YEM,2011,63.05946,NA,27582902,8.742189
Yemen,YEM,2012,61.361637,NA,28433655,8.147151
Yemen,YEM,2013,52.51188,NA,29312955,8.1600065
Yemen,YEM,2014,48.243042,NA,30226311,7.8891764
Yemen,YEM,2015,30.367659,NA,31159378,7.181151
Yemen,YEM,2016,31.081545,NA,32109023,5.578133
Yemen,YEM,2017,42.969906,NA,33090923,4.1834826
Yemen,YEM,2018,56.077824,NA,34085181,4.455844
Zambia,ZMB,2000,60.38747,2220.5654,10017633,NA
Zambia,ZMB,2001,64.66828,2268.9697,10325186,NA
Zambia,ZMB,2002,64.9165,2299.333,10647955,NA
Zambia,ZMB,2003,62.312843,2383.8762,10983604,NA
Zambia,ZMB,2004,70.81307,2471.7207,11338201,NA
Zambia,ZMB,2005,62.200283,2564.4756,11718819,3.88996
Zambia,ZMB,2006,57.85682,2673.4614,12129560,4.3782797
Zambia,ZMB,2007,65.77146,2796.353,12565093,5.7030125
Zambia,ZMB,2008,59.454887,2908.1436,13021327,5.9238334
Zambia,ZMB,2009,56.12138,3065.8442,13490395,6.468854
Zambia,ZMB,2010,65.0147,3266.5076,13965592,7.071295
Zambia,ZMB,2011,72.79543,3335.6433,14437796,7.8384986
Zambia,ZMB,2012,75.36771,3474.5525,14913631,7.4221535
Zambia,ZMB,2013,80.45624,3535.2246,15399000,6.9650087
Zambia,ZMB,2014,76.1935,3585.5774,15895320,6.862733
Zambia,ZMB,2015,79.86527,3576.9255,16399092,6.380543
Zambia,ZMB,2016,73.958565,3598.1716,16914428,6.0975194
Zambia,ZMB,2017,71.58569,3612.5059,17441328,6.1247315
Zambia,ZMB,2018,74.88837,3646.9597,17973574,6.234076
Zambia,ZMB,2019,68.79121,3591.5642,18513839,5.590863
Zimbabwe,ZWE,2000,74.07089,6170.334,11892055,NA
Zimbabwe,ZWE,2001,67.898094,6217.4116,11971904,NA
Zimbabwe,ZWE,2002,66.80982,5610.1914,12087661,NA
Zimbabwe,ZWE,2003,70.451965,4601.6606,12232324,NA
Zimbabwe,ZWE,2004,76.03943,4287.598,12365901,NA
Zimbabwe,ZWE,2005,76.04307,4004.6646,12483433,0.76634395
Zimbabwe,ZWE,2006,82.82003,3819.2334,12636442,2.4286366
Zimbabwe,ZWE,2007,84.16828,3631.5376,12804062,2.6648512
Zimbabwe,ZWE,2008,109.52354,2954.0994,12959154,1.9334495
Zimbabwe,ZWE,2009,61.77649,3299.4138,13142791,3.3946054
Zimbabwe,ZWE,2010,83.123405,3885.3938,13356551,3.257652
Zimbabwe,ZWE,2011,89.46594,4358.926,13595421,3.8090942
Zimbabwe,ZWE,2012,74.1627,5003.4873,13817887,4.208882
Zimbabwe,ZWE,2013,58.656075,5031.6875,14013811,4.3619394
Zimbabwe,ZWE,2014,54.67176,5081.1123,14207367,4.420427
Zimbabwe,ZWE,2015,56.749653,5102.7144,14399008,4.5761194
Zimbabwe,ZWE,2016,51.219036,5070.4023,14600297,4.7721243
Zimbabwe,ZWE,2017,55.028316,5234.384,14812484,5.2420154
Zimbabwe,ZWE,2018,54.550316,5415.4697,15034457,2.8527808
Zimbabwe,ZWE,2019,46.106544,4993.8438,15271377,4.4940133
